x_class,serial_min,serial_max,n_img,新page_window,新page_est,n_xxt_candidates,xxt1_zi,xxt1_kai,xxt1_n,xxt1_新page,xxt1_類組,xxt1_合集(前8),xxt2_zi,xxt2_kai,xxt2_n,xxt2_新page,xxt2_類組,xxt2_合集(前8),xxt3_zi,xxt3_kai,xxt3_n,xxt3_新page,xxt3_類組,xxt3_合集(前8)
X/1376,19,19,3,2.6-3.2,3.1,1,4721,□(天),1,2.6,,
X/1258,117,120,15,15.6-19.1,16.3,8,3018,,15,16.2,子組2;無5,合22285 合22259 合2087 合2087,21,(禫),1,16.1,,,385,,2,16.6,黃組2,合36482 合36747
X/1267,121,122,8,15.6-19.1,16.7,8,385,,2,16.6,黃組2,合36482 合36747,30,(),48,16.8,無20;賓組17;歷組4;出組1;歷無名間1;黃組2;無名組1;何組1,合15915 合974 合1295 合10316 合5648 合34679,3018,,15,16.2,子組2;無5,合22285 合22259 合2087 合2087
X/1271,123,123,1,15.6-19.1,16.9,8,30,(),48,16.8,無20;賓組17;歷組4;出組1;歷無名間1;黃組2;無名組1;何組1,合15915 合974 合1295 合10316 合5648 合34679,385,,2,16.6,黃組2,合36482 合36747,25,,1,17.5,賓組1,合17583
X/1274,124,130,25,15.6-19.1,17.5,8,25,,1,17.5,賓組1,合17583,31,(),21,17.6,無11;歷組1;何組4;無名組3;賓組1;歷無名間1,合30678 合34522 合27291 合27202 合27391 合27155 合30682 合30680,30,(),48,16.8,無20;賓組17;歷組4;出組1;歷無名間1;黃組2;無名組1;何組1,合15915 合974 合1295 合10316 合5648 合34679
X/1287,131,134,15,15.6-19.1,18.3,8,24,(),2,18.3,黃組2,合36554 合41741,31,(),21,18.2,無11;歷組1;何組4;無名組3;賓組1;歷無名間1,合30678 合34522 合27291 合27202 合27391 合27155 合30682 合30680,31,(),21,17.6,無11;歷組1;何組4;無名組3;賓組1;歷無名間1,合30678 合34522 合27291 合27202 合27391 合27155 合30682 合30680
X/1289,135,135,2,15.6-19.1,18.7,8,24,(),2,18.3,黃組2,合36554 合41741,31,(),21,18.2,無11;歷組1;何組4;無名組3;賓組1;歷無名間1,合30678 合34522 合27291 合27202 合27391 合27155 合30682 合30680,31,(),21,17.6,無11;歷組1;何組4;無名組3;賓組1;歷無名間1,合30678 合34522 合27291 合27202 合27391 合27155 合30682 合30680
X/1290,136,136,1,15.6-19.1,18.8,8,24,(),2,18.3,黃組2,合36554 合41741,31,(),21,18.2,無11;歷組1;何組4;無名組3;賓組1;歷無名間1,合30678 合34522 合27291 合27202 合27391 合27155 合30682 合30680,31,(),21,17.6,無11;歷組1;何組4;無名組3;賓組1;歷無名間1,合30678 合34522 合27291 合27202 合27391 合27155 合30682 合30680
X/1292,137,137,1,15.6-19.1,19.0,8,24,(),2,18.3,黃組2,合36554 合41741,31,(),21,18.2,無11;歷組1;何組4;無名組3;賓組1;歷無名間1,合30678 合34522 合27291 合27202 合27391 合27155 合30682 合30680,31,(),21,17.6,無11;歷組1;何組4;無名組3;賓組1;歷無名間1,合30678 合34522 合27291 合27202 合27391 合27155 合30682 合30680
X/1327,153,153,2,19.7-21.6,21.0,3,3035,,1,21.2,何組1,合27005,369,,1,21.3,歷組1,合32288,1092,,2,21.5,無1,合40859
X/1328,154,154,1,19.7-21.6,21.1,3,3035,,1,21.2,何組1,合27005,369,,1,21.3,歷組1,合32288,1092,,2,21.5,無1,合40859
X/1329,155,155,1,19.7-21.6,21.2,3,3035,,1,21.2,何組1,合27005,369,,1,21.3,歷組1,合32288,1092,,2,21.5,無1,合40859
X/1355,170,170,4,21.8-24.1,23.0,4,35,(),8,23.2,黃組4;無4,合37536 合37455 合37756 合37739 合37555 合37430 合37738,1410,□(掤),5,23.3,無3,合20759 合20758 合40638,401,,9,22.7,賓組5;出組1;無3,合11400 合23265 合143 合11400 合24 合1253
X/1356,171,171,1,21.8-24.1,23.2,4,35,(),8,23.2,黃組4;無4,合37536 合37455 合37756 合37739 合37555 合37430 合37738,1410,□(掤),5,23.3,無3,合20759 合20758 合40638,36,□(玨),7,23.5,賓組2;無3;歷組1,合14588 合16093 合16092 合16090 合32486 合16088
X/1359,172,172,2,21.8-24.1,23.3,4,1410,□(掤),5,23.3,無3,合20759 合20758 合40638,35,(),8,23.2,黃組4;無4,合37536 合37455 合37756 合37739 合37555 合37430 合37738,36,□(玨),7,23.5,賓組2;無3;歷組1,合14588 合16093 合16092 合16090 合32486 合16088
X/1360,176,176,2,21.8-24.1,23.9,4,36,□(玨),7,23.5,賓組2;無3;歷組1,合14588 合16093 合16092 合16090 合32486 合16088,1410,□(掤),5,23.3,無3,合20759 合20758 合40638,35,(),8,23.2,黃組4;無4,合37536 合37455 合37756 合37739 合37555 合37430 合37738
X/1486,259,260,6,32.8-35.5,33.8,7,55,,1,34.1,黃組1,合37439,56,(),1,34.3,無名組1,合29237,53,□(春□□芚),18,33.2,無名組2;賓組7;無9,合29715 合11533 合8582 合17314 合4852 合40633 合30851
X/1488,261,261,4,32.8-35.5,33.9,7,55,,1,34.1,黃組1,合37439,56,(),1,34.3,無名組1,合29237,59,□(莫),43,34.4,何組4;無27;歷組1;無名組9;賓組2,合28822 合31941 合1867 合29250 合33981 合29804 合32485
X/1489,262,263,5,32.8-35.5,34.1,7,55,,1,34.1,黃組1,合37439,56,(),1,34.3,無名組1,合29237,59,□(莫),43,34.4,何組4;無27;歷組1;無名組9;賓組2,合28822 合31941 合1867 合29250 合33981 合29804 合32485
X/1490,264,264,1,32.8-35.5,34.3,7,56,(),1,34.3,無名組1,合29237,59,□(莫),43,34.4,何組4;無27;歷組1;無名組9;賓組2,合28822 合31941 合1867 合29250 合33981 合29804 合32485,55,,1,34.1,黃組1,合37439
X/1491,265,265,3,32.8-35.5,34.4,7,59,□(莫),43,34.4,何組4;無27;歷組1;無名組9;賓組2,合28822 合31941 合1867 合29250 合33981 合29804 合32485,56,(),1,34.3,無名組1,合29237,55,,1,34.1,黃組1,合37439
X/1568,320,320,1,40.5-43.1,40.9,8,4281,□(必),6,40.7,賓組3;出組3,合14034 合19713 合25937 合23064 合23602 合4242,71,,3,41.3,賓組2,合18831 合13517,3090,,3,41.3,賓組2;無1,合13517 合860
X/1596,333,334,5,40.5-43.1,42.2,8,75,,20,42.2,無10;出組4;賓組6,合26771 合26771 合26787 合6 合721反 合721反 合18813 合23432,74,(),2,42.1,賓組2,合138 合139,76,□(釆),3,42.5,歷組1;無名組1,合32384 合27582
X/1598,335,337,11,40.5-43.1,42.4,8,76,□(釆),3,42.5,歷組1;無名組1,合32384 合27582,75,,20,42.2,無10;出組4;賓組6,合26771 合26771 合26787 合6 合721反 合721反 合18813 合23432,74,(),2,42.1,賓組2,合138 合139
X/1607,338,338,2,40.5-43.1,42.6,8,76,□(釆),3,42.5,歷組1;無名組1,合32384 合27582,75,,20,42.2,無10;出組4;賓組6,合26771 合26771 合26787 合6 合721反 合721反 合18813 合23432,74,(),2,42.1,賓組2,合138 合139
X/1609,339,339,2,40.5-43.1,42.7,8,76,□(釆),3,42.5,歷組1;無名組1,合32384 合27582,75,,20,42.2,無10;出組4;賓組6,合26771 合26771 合26787 合6 合721反 合721反 合18813 合23432,74,(),2,42.1,賓組2,合138 合139
X/1614,340,342,12,40.5-43.1,42.8,8,76,□(釆),3,42.5,歷組1;無名組1,合32384 合27582,75,,20,42.2,無10;出組4;賓組6,合26771 合26771 合26787 合6 合721反 合721反 合18813 合23432,74,(),2,42.1,賓組2,合138 合139
X/1724,414,414,4,51.2-51.8,51.7,0
X/1850,502,517,61,61.7-70.6,63.2,27,104,,1,63.5,無名組1,合28103,105,,5,63.6,賓組5,合18097 合5129 合11897 合8230 合8229,3130,(),1,63.6,歷組1,合33103
X/1904,518,518,3,61.7-70.6,64.2,27,107,,7,64.1,無2;賓組5,合7667 合17316 合8411 合3298 合4338 合1136 合14224,109,(),1,64.5,賓組1,合18105,110,,1,64.6,賓組1,合15884
X/1906,519,521,11,61.7-70.6,64.5,27,109,(),1,64.5,賓組1,合18105,110,,1,64.6,賓組1,合15884,134,(),1,64.7,賓組1,合14641
X/1908,522,522,1,61.7-70.6,64.7,27,134,(),1,64.7,賓組1,合14641,110,,1,64.6,賓組1,合15884,109,(),1,64.5,賓組1,合18105
X/1909,523,525,10,61.7-70.6,64.9,27,134,(),1,64.7,賓組1,合14641,110,,1,64.6,賓組1,合15884,109,(),1,64.5,賓組1,合18105
X/1914,526,526,1,61.7-70.6,65.2,27,119,(),1,65.5,子組1,合22323,120,,22,65.6,無10;子組1;賓組11,合22151 合21892 合8332 合9934 合8587 合6313,134,(),1,64.7,賓組1,合14641
X/1919,527,527,1,61.7-70.6,65.3,27,119,(),1,65.5,子組1,合22323,120,,22,65.6,無10;子組1;賓組11,合22151 合21892 合8332 合9934 合8587 合6313,134,(),1,64.7,賓組1,合14641
X/1922,528,528,1,61.7-70.6,65.4,27,119,(),1,65.5,子組1,合22323,120,,22,65.6,無10;子組1;賓組11,合22151 合21892 合8332 合9934 合8587 合6313,134,(),1,64.7,賓組1,合14641
X/1926,529,529,2,61.7-70.6,65.5,27,119,(),1,65.5,子組1,合22323,120,,22,65.6,無10;子組1;賓組11,合22151 合21892 合8332 合9934 合8587 合6313,134,(),1,64.7,賓組1,合14641
X/1930,530,530,1,61.7-70.6,65.7,27,120,,22,65.6,無10;子組1;賓組11,合22151 合21892 合8332 合9934 合8587 合6313,119,(),1,65.5,子組1,合22323,124,(),2,66.4,無1;賓組1,合14783 合10728
X/1934,531,534,16,61.7-70.6,66.0,27,120,,22,65.6,無10;子組1;賓組11,合22151 合21892 合8332 合9934 合8587 合6313,124,(),2,66.4,無1;賓組1,合14783 合10728,119,(),1,65.5,子組1,合22323
X/1937,535,535,2,61.7-70.6,66.3,27,124,(),2,66.4,無1;賓組1,合14783 合10728,125,,31,66.5,無16;賓組12;歷間1;黃組1,合2102 合18108 合903 合939 合1822 合902 合267反 合14755反,4657,,1,66.5,無1,合12442
X/1941,536,541,23,61.7-70.6,66.7,27,126,,3,66.8,何組2;無1,合31547 合31547,125,,31,66.5,無16;賓組12;歷間1;黃組1,合2102 合18108 合903 合939 合1822 合902 合267反 合14755反,4657,,1,66.5,無1,合12442
X/1955,542,544,11,61.7-70.6,67.2,27,846,,1,67.1,,,126,,3,66.8,何組2;無1,合31547 合31547,132,,3,67.8,賓組1;無2,合18119 合23680
X/1962,545,545,2,61.7-70.6,67.5,27,132,,3,67.8,賓組1;無2,合18119 合23680,846,,1,67.1,,,3192,,3,68.1,無1;賓組2,合2465 合9552 合18851
X/1963,546,546,2,61.7-70.6,67.6,27,132,,3,67.8,賓組1;無2,合18119 合23680,846,,1,67.1,,,3192,,3,68.1,無1;賓組2,合2465 合9552 合18851
X/1964,547,547,4,61.7-70.6,67.7,27,132,,3,67.8,賓組1;無2,合18119 合23680,3192,,3,68.1,無1;賓組2,合2465 合9552 合18851,732,,1,68.3,賓組1,合2205
X/1965,548,548,1,61.7-70.6,67.8,27,132,,3,67.8,賓組1;無2,合18119 合23680,3192,,3,68.1,無1;賓組2,合2465 合9552 合18851,732,,1,68.3,賓組1,合2205
X/1966,549,549,3,61.7-70.6,68.0,27,3192,,3,68.1,無1;賓組2,合2465 合9552 合18851,132,,3,67.8,賓組1;無2,合18119 合23680,732,,1,68.3,賓組1,合2205
X/1967,550,551,5,61.7-70.6,68.1,27,3192,,3,68.1,無1;賓組2,合2465 合9552 合18851,732,,1,68.3,賓組1,合2205,1506,,16,68.4,無6;賓組2;歷組6;無名組1,合3829 合142 合32881 合32764 合33107 合33112 合27997 合32764
X/1968,552,552,1,61.7-70.6,68.3,27,732,,1,68.3,賓組1,合2205,1506,,16,68.4,無6;賓組2;歷組6;無名組1,合3829 合142 合32881 合32764 合33107 合33112 合27997 合32764,3192,,3,68.1,無1;賓組2,合2465 合9552 合18851
X/1969,553,553,2,61.7-70.6,68.4,27,1506,,16,68.4,無6;賓組2;歷組6;無名組1,合3829 合142 合32881 合32764 合33107 合33112 合27997 合32764,732,,1,68.3,賓組1,合2205,3192,,3,68.1,無1;賓組2,合2465 合9552 合18851
X/1970,554,557,13,61.7-70.6,68.7,27,3137,,3,68.8,無2;賓組1,合10406 合40998,1506,,16,68.4,無6;賓組2;歷組6;無名組1,合3829 合142 合32881 合32764 合33107 合33112 合27997 合32764,732,,1,68.3,賓組1,合2205
X/1971,558,559,8,61.7-70.6,69.1,27,3137,,3,68.8,無2;賓組1,合10406 合40998,135,,9,69.4,賓組4;無4,合18096 合17108 合18095 合9360 合20036 合3426 合9363,1506,,16,68.4,無6;賓組2;歷組6;無名組1,合3829 合142 合32881 合32764 合33107 合33112 合27997 合32764
X/1972,560,560,1,61.7-70.6,69.3,27,135,,9,69.4,賓組4;無4,合18096 合17108 合18095 合9360 合20036 合3426 合9363,3137,,3,68.8,無2;賓組1,合10406 合40998,1068,,1,70.1,,
X/1978,561,561,1,61.7-70.6,69.4,27,135,,9,69.4,賓組4;無4,合18096 合17108 合18095 合9360 合20036 合3426 合9363,3137,,3,68.8,無2;賓組1,合10406 合40998,1068,,1,70.1,,
X/1987,562,562,3,61.7-70.6,69.5,27,135,,9,69.4,賓組4;無4,合18096 合17108 合18095 合9360 合20036 合3426 合9363,1068,,1,70.1,,,3137,,3,68.8,無2;賓組1,合10406 合40998
X/1995,563,563,1,61.7-70.6,69.6,27,135,,9,69.4,賓組4;無4,合18096 合17108 合18095 合9360 合20036 合3426 合9363,1068,,1,70.1,,,136,(□),8,70.3,賓組4;無2;子組1,合5935 合5936 合5938 合3155 合807 合22397
X/2003,564,564,1,61.7-70.6,69.8,27,1068,,1,70.1,,,135,,9,69.4,賓組4;無4,合18096 合17108 合18095 合9360 合20036 合3426 合9363,136,(□),8,70.3,賓組4;無2;子組1,合5935 合5936 合5938 合3155 合807 合22397
X/2010,565,565,3,61.7-70.6,69.9,27,1068,,1,70.1,,,136,(□),8,70.3,賓組4;無2;子組1,合5935 合5936 合5938 合3155 合807 合22397,135,,9,69.4,賓組4;無4,合18096 合17108 合18095 合9360 合20036 合3426 合9363
X/2016,566,566,1,61.7-70.6,70.0,27,1068,,1,70.1,,,136,(□),8,70.3,賓組4;無2;子組1,合5935 合5936 合5938 合3155 合807 合22397,111,,1,70.5,賓組1,合14627
X/2025,567,567,2,61.7-70.6,70.1,27,1068,,1,70.1,,,136,(□),8,70.3,賓組4;無2;子組1,合5935 合5936 合5938 合3155 合807 合22397,111,,1,70.5,賓組1,合14627
X/2034,568,569,5,61.7-70.6,70.3,27,136,(□),8,70.3,賓組4;無2;子組1,合5935 合5936 合5938 合3155 合807 合22397,1068,,1,70.1,,,111,,1,70.5,賓組1,合14627
X/2050,570,570,1,61.7-70.6,70.5,27,111,,1,70.5,賓組1,合14627,136,(□),8,70.3,賓組4;無2;子組1,合5935 合5936 合5938 合3155 合807 合22397,1068,,1,70.1,,
X/2070,574,574,1,70.6-71.6,70.9,1,3212,□,3,71.2,歷無名間1;賓組2,合30173 合8310 合8310
X/2071,575,576,8,70.6-71.6,71.1,1,3212,□,3,71.2,歷無名間1;賓組2,合30173 合8310 合8310
X/2073,577,577,1,70.6-71.6,71.3,1,3212,□,3,71.2,歷無名間1;賓組2,合30173 合8310 合8310
X/2074,578,578,1,70.6-71.6,71.4,1,3212,□,3,71.2,歷無名間1;賓組2,合30173 合8310 合8310
X/2105,597,597,1,71.6-73.7,73.6,0
X/2130,615,615,1,76.2-85.2,77.0,22,145,(),3,77.1,無2,,146,,7,77.2,賓組1;無4,合4730 合39702 合18241,1800,,5,77.4,賓組5,合13390反 合8934 合8935 合6594 合4581
X/2132,616,617,8,76.2-85.2,77.2,22,146,,7,77.2,賓組1;無4,合4730 合39702 合18241,145,(),3,77.1,無2,,1800,,5,77.4,賓組5,合13390反 合8934 合8935 合6594 合4581
X/2138,618,621,14,76.2-85.2,77.5,22,1800,,5,77.4,賓組5,合13390反 合8934 合8935 合6594 合4581,146,,7,77.2,賓組1;無4,合4730 合39702 合18241,150,,2,77.8,無2,合12830
X/2139,622,622,4,76.2-85.2,77.8,22,150,,2,77.8,無2,合12830,1800,,5,77.4,賓組5,合13390反 合8934 合8935 合6594 合4581,3255,,1,78.3,無1,
X/2141,623,623,1,76.2-85.2,77.9,22,150,,2,77.8,無2,合12830,3255,,1,78.3,無1,,3264,,1,78.3,賓組1,合5944
X/2142,624,624,2,76.2-85.2,78.0,22,150,,2,77.8,無2,合12830,3255,,1,78.3,無1,,3264,,1,78.3,賓組1,合5944
X/2145,625,626,7,76.2-85.2,78.1,22,3255,,1,78.3,無1,,3264,,1,78.3,賓組1,合5944,680,(),15,78.4,賓組9;子組2;無2,合2953 合18466 合18466 合18467 合21793 合7413 合3384
X/2148,627,628,5,76.2-85.2,78.3,22,3255,,1,78.3,無1,,3264,,1,78.3,賓組1,合5944,680,(),15,78.4,賓組9;子組2;無2,合2953 合18466 合18466 合18467 合21793 合7413 合3384
X/2152,629,629,1,76.2-85.2,78.5,22,680,(),15,78.4,賓組9;子組2;無2,合2953 合18466 合18466 合18467 合21793 合7413 合3384,3255,,1,78.3,無1,,3264,,1,78.3,賓組1,合5944
X/2160,630,632,10,76.2-85.2,78.7,22,680,(),15,78.4,賓組9;子組2;無2,合2953 合18466 合18466 合18467 合21793 合7413 合3384,3255,,1,78.3,無1,,3264,,1,78.3,賓組1,合5944
X/2162,633,633,4,76.2-85.2,78.9,22,680,(),15,78.4,賓組9;子組2;無2,合2953 合18466 合18466 合18467 合21793 合7413 合3384,3255,,1,78.3,無1,,3264,,1,78.3,賓組1,合5944
X/2163,634,634,1,76.2-85.2,79.0,22,680,(),15,78.4,賓組9;子組2;無2,合2953 合18466 合18466 合18467 合21793 合7413 合3384,191,,2,79.6,無1,合24933,3255,,1,78.3,無1,
X/2168,635,636,7,76.2-85.2,79.1,22,191,,2,79.6,無1,合24933,1729,,3,79.7,賓組1;歷組2,合5190 合34260 合33288,680,(),15,78.4,賓組9;子組2;無2,合2953 合18466 合18466 合18467 合21793 合7413 合3384
X/2179,637,643,25,76.2-85.2,79.6,22,191,,2,79.6,無1,合24933,1729,,3,79.7,賓組1;歷組2,合5190 合34260 合33288,185,(),14,80.1,歷組2;賓組7;無4,合33170 合190 合14001 合3771 合14103 合7684 合5247 合10071
X/2184,644,648,18,76.2-85.2,80.2,22,185,(),14,80.1,歷組2;賓組7;無4,合33170 合190 合14001 合3771 合14103 合7684 合5247 合10071,1729,,3,79.7,賓組1;歷組2,合5190 合34260 合33288,186,,10,80.8,無3;賓組5,合4177 合13695 合6655 合6655 合6656 合15747 合19124 合5441
X/2188,649,650,7,76.2-85.2,80.6,22,186,,10,80.8,無3;賓組5,合4177 合13695 合6655 合6655 合6656 合15747 合19124 合5441,185,(),14,80.1,歷組2;賓組7;無4,合33170 合190 合14001 合3771 合14103 合7684 合5247 合10071,1729,,3,79.7,賓組1;歷組2,合5190 合34260 合33288
X/2190,651,657,28,76.2-85.2,81.1,22,186,,10,80.8,無3;賓組5,合4177 合13695 合6655 合6655 合6656 合15747 合19124 合5441,194,,4,81.8,賓組1,合8687,185,(),14,80.1,歷組2;賓組7;無4,合33170 合190 合14001 合3771 合14103 合7684 合5247 合10071
X/2198,658,658,1,76.2-85.2,81.5,22,194,,4,81.8,賓組1,合8687,186,,10,80.8,無3;賓組5,合4177 合13695 合6655 合6655 合6656 合15747 合19124 合5441,185,(),14,80.1,歷組2;賓組7;無4,合33170 合190 合14001 合3771 合14103 合7684 合5247 合10071
X/2200,659,659,2,76.2-85.2,81.6,22,194,,4,81.8,賓組1,合8687,186,,10,80.8,無3;賓組5,合4177 合13695 合6655 合6655 合6656 合15747 合19124 合5441,185,(),14,80.1,歷組2;賓組7;無4,合33170 合190 合14001 合3771 合14103 合7684 合5247 合10071
X/2201,660,661,5,76.2-85.2,81.7,22,194,,4,81.8,賓組1,合8687,186,,10,80.8,無3;賓組5,合4177 合13695 合6655 合6655 合6656 合15747 合19124 合5441,195,,2,83.1,何組2,合29957 合30959
X/2202,662,662,1,76.2-85.2,81.9,22,194,,4,81.8,賓組1,合8687,186,,10,80.8,無3;賓組5,合4177 合13695 合6655 合6655 合6656 合15747 合19124 合5441,195,,2,83.1,何組2,合29957 合30959
X/2203,663,663,1,76.2-85.2,82.0,22,194,,4,81.8,賓組1,合8687,195,,2,83.1,何組2,合29957 合30959,186,,10,80.8,無3;賓組5,合4177 合13695 合6655 合6655 合6656 合15747 合19124 合5441
X/2204,664,664,4,76.2-85.2,82.1,22,194,,4,81.8,賓組1,合8687,195,,2,83.1,何組2,合29957 合30959,192,,1,83.2,無1,合18243
X/2206,665,665,1,76.2-85.2,82.2,22,194,,4,81.8,賓組1,合8687,195,,2,83.1,何組2,合29957 合30959,192,,1,83.2,無1,合18243
X/2207,666,666,1,76.2-85.2,82.3,22,194,,4,81.8,賓組1,合8687,195,,2,83.1,何組2,合29957 合30959,192,,1,83.2,無1,合18243
X/2208,667,667,1,76.2-85.2,82.4,22,194,,4,81.8,賓組1,合8687,195,,2,83.1,何組2,合29957 合30959,192,,1,83.2,無1,合18243
X/2209,668,668,4,76.2-85.2,82.5,22,195,,2,83.1,何組2,合29957 合30959,192,,1,83.2,無1,合18243,194,,4,81.8,賓組1,合8687
X/2210,669,669,1,76.2-85.2,82.6,22,195,,2,83.1,何組2,合29957 合30959,192,,1,83.2,無1,合18243,197,,5,83.3,賓組4;無1,合456 合7245 合7244 合7244
X/2214,670,670,1,76.2-85.2,82.7,22,195,,2,83.1,何組2,合29957 合30959,192,,1,83.2,無1,合18243,197,,5,83.3,賓組4;無1,合456 合7245 合7244 合7244
X/2218,671,672,6,76.2-85.2,82.9,22,195,,2,83.1,何組2,合29957 合30959,192,,1,83.2,無1,合18243,197,,5,83.3,賓組4;無1,合456 合7245 合7244 合7244
X/2229,711,711,3,85.7-88.1,88.0,0
X/2230,798,808,42,98.5-102.2,99.3,9,209,,29,98.6,無15;黃組12;賓組2,合36405 合39426 合36672 合36537 合36537 合36643 合36734 合36640,3277,,11,98.6,賓組4;出組3;歷組1;無3,合8039 合18954 合22758 合23684 合24904 合34458 合39845,182,,1,100.4,無名組1,合29715
X/2231,809,810,6,98.5-102.2,100.1,9,182,,1,100.4,無名組1,合29715,172,□(),3,100.7,何組1;亞組1;無1,合27745 合22303 合18704,3299,□,2,100.7,,
X/2232,811,811,1,98.5-102.2,100.3,9,182,,1,100.4,無名組1,合29715,172,□(),3,100.7,何組1;亞組1;無1,合27745 合22303 合18704,3299,□,2,100.7,,
X/2233,812,812,1,98.5-102.2,100.4,9,182,,1,100.4,無名組1,合29715,172,□(),3,100.7,何組1;亞組1;無1,合27745 合22303 合18704,3299,□,2,100.7,,
X/2234,813,813,1,98.5-102.2,100.5,9,182,,1,100.4,無名組1,合29715,172,□(),3,100.7,何組1;亞組1;無1,合27745 合22303 合18704,3299,□,2,100.7,,
X/2235,814,814,1,98.5-102.2,100.7,9,172,□(),3,100.7,何組1;亞組1;無1,合27745 合22303 合18704,3299,□,2,100.7,,,182,,1,100.4,無名組1,合29715
X/2236,815,815,1,98.5-102.2,100.8,9,172,□(),3,100.7,何組1;亞組1;無1,合27745 合22303 合18704,3299,□,2,100.7,,,3283,,1,101.1,黃組1,合36836
X/2237,816,816,1,98.5-102.2,100.9,9,3283,,1,101.1,黃組1,合36836,172,□(),3,100.7,何組1;亞組1;無1,合27745 合22303 合18704,3299,□,2,100.7,,
X/2238,817,817,2,98.5-102.2,101.1,9,3283,,1,101.1,黃組1,合36836,1732,,1,101.2,無1,合41461,1730,,2,101.3,賓組2,合5900 合1958
X/2239,818,818,2,98.5-102.2,101.2,9,1732,,1,101.2,無1,合41461,3283,,1,101.1,黃組1,合36836,1730,,2,101.3,賓組2,合5900 合1958
X/2240,819,819,1,98.5-102.2,101.3,9,1730,,2,101.3,賓組2,合5900 合1958,200,□(復复),1,101.4,,,1732,,1,101.2,無1,合41461
X/2241,844,844,4,103.2-104.4,104.3,3,205,□(得□),29,103.5,無16;賓組10;子組1;歷組1,合4719 合439 合33026 合9495 合30000 合22507 合14161反 合8892,340,□(得),9,103.5,無5;賓組4,合8265 合7134 合18210 合18211 合8931 合8929 合40758 合8930,3317,□(得),6,103.5,無2;賓組4,合3300 合3298 合6057 合18192 合18191 合18190
X/2242,859,863,17,104.4-111.5,106.1,15,3310,,5,106.7,賓組3;無2,合4592 合4588 合14496 合5922,1731,(),5,106.8,賓組3;無2,合7861 合8209 合8210 合9609,3313,,17,107.3,無11;賓組6,合71 合5835 合10852 合4368 合10263 合10403 合4374 合9003
X/2243,864,869,23,104.4-111.5,106.6,15,3310,,5,106.7,賓組3;無2,合4592 合4588 合14496 合5922,1731,(),5,106.8,賓組3;無2,合7861 合8209 合8210 合9609,3313,,17,107.3,無11;賓組6,合71 合5835 合10852 合4368 合10263 合10403 合4374 合9003
X/2244,870,871,5,104.4-111.5,107.1,15,3313,,17,107.3,無11;賓組6,合71 合5835 合10852 合4368 合10263 合10403 合4374 合9003,3330,,2,107.3,無2,合18695 合9053,1731,(),5,106.8,賓組3;無2,合7861 合8209 合8210 合9609
X/2245,872,873,5,104.4-111.5,107.3,15,3313,,17,107.3,無11;賓組6,合71 合5835 合10852 合4368 合10263 合10403 合4374 合9003,3330,,2,107.3,無2,合18695 合9053,216,,1,107.7,黃組1,合36843
X/2246,874,874,4,104.4-111.5,107.4,15,3313,,17,107.3,無11;賓組6,合71 合5835 合10852 合4368 合10263 合10403 合4374 合9003,3330,,2,107.3,無2,合18695 合9053,216,,1,107.7,黃組1,合36843
X/2247,875,877,11,104.4-111.5,107.6,15,216,,1,107.7,黃組1,合36843,3313,,17,107.3,無11;賓組6,合71 合5835 合10852 合4368 合10263 合10403 合4374 合9003,3330,,2,107.3,無2,合18695 合9053
X/2248,878,881,14,104.4-111.5,108.0,15,213,,1,108.1,賓組1,合6,216,,1,107.7,黃組1,合36843,3319,,2,108.6,,
X/2249,882,882,1,104.4-111.5,108.3,15,213,,1,108.1,賓組1,合6,3319,,2,108.6,,,222,(),6,108.7,無名組4;無2,合29285 合29233 合33560 合28789 合29283 合29284
X/2250,883,883,1,104.4-111.5,108.4,15,3319,,2,108.6,,,213,,1,108.1,賓組1,合6,222,(),6,108.7,無名組4;無2,合29285 合29233 合33560 合28789 合29283 合29284
X/2251,884,884,1,104.4-111.5,108.5,15,3319,,2,108.6,,,222,(),6,108.7,無名組4;無2,合29285 合29233 合33560 合28789 合29283 合29284,213,,1,108.1,賓組1,合6
X/2252,885,885,1,104.4-111.5,108.6,15,3319,,2,108.6,,,222,(),6,108.7,無名組4;無2,合29285 合29233 合33560 合28789 合29283 合29284,213,,1,108.1,賓組1,合6
X/2253,886,886,1,104.4-111.5,108.7,15,222,(),6,108.7,無名組4;無2,合29285 合29233 合33560 合28789 合29283 合29284,3319,,2,108.6,,,3314,,1,109.2,無名組1,合30721
X/2254,887,887,2,104.4-111.5,108.8,15,222,(),6,108.7,無名組4;無2,合29285 合29233 合33560 合28789 合29283 合29284,3319,,2,108.6,,,3314,,1,109.2,無名組1,合30721
X/2255,888,890,9,104.4-111.5,109.0,15,3314,,1,109.2,無名組1,合30721,222,(),6,108.7,無名組4;無2,合29285 合29233 合33560 合28789 合29283 合29284,3319,,2,108.6,,
X/2256,891,892,5,104.4-111.5,109.3,15,3314,,1,109.2,無名組1,合30721,3311,,3,109.5,賓組2,合10739 合10739,220,,6,109.6,賓組3,合3154 合3157 合3155
X/2257,893,893,1,104.4-111.5,109.4,15,3311,,3,109.5,賓組2,合10739 合10739,220,,6,109.6,賓組3,合3154 合3157 合3155,3314,,1,109.2,無名組1,合30721
X/2258,894,894,3,104.4-111.5,109.5,15,3311,,3,109.5,賓組2,合10739 合10739,220,,6,109.6,賓組3,合3154 合3157 合3155,3314,,1,109.2,無名組1,合30721
X/2259,895,897,9,104.4-111.5,109.7,15,220,,6,109.6,賓組3,合3154 合3157 合3155,3311,,3,109.5,賓組2,合10739 合10739,3314,,1,109.2,無名組1,合30721
X/2260,898,898,3,104.4-111.5,109.9,15,220,,6,109.6,賓組3,合3154 合3157 合3155,228,,1,110.3,無名組1,合31876,3311,,3,109.5,賓組2,合10739 合10739
X/2261,899,899,1,104.4-111.5,110.0,15,228,,1,110.3,無名組1,合31876,217,,1,110.4,賓組1,合18705,220,,6,109.6,賓組3,合3154 合3157 合3155
X/2262,900,900,1,104.4-111.5,110.1,15,228,,1,110.3,無名組1,合31876,217,,1,110.4,賓組1,合18705,220,,6,109.6,賓組3,合3154 合3157 合3155
X/2263,901,901,1,104.4-111.5,110.2,15,228,,1,110.3,無名組1,合31876,217,,1,110.4,賓組1,合18705,220,,6,109.6,賓組3,合3154 合3157 合3155
X/2264,902,904,12,104.4-111.5,110.5,15,217,,1,110.4,賓組1,合18705,228,,1,110.3,無名組1,合31876,220,,6,109.6,賓組3,合3154 合3157 合3155
X/2265,905,905,1,104.4-111.5,110.7,15,217,,1,110.4,賓組1,合18705,228,,1,110.3,無名組1,合31876,220,,6,109.6,賓組3,合3154 合3157 合3155
X/2266,906,906,1,104.4-111.5,110.8,15,217,,1,110.4,賓組1,合18705,228,,1,110.3,無名組1,合31876,220,,6,109.6,賓組3,合3154 合3157 合3155
X/2267,907,909,9,104.4-111.5,111.0,15,217,,1,110.4,賓組1,合18705,228,,1,110.3,無名組1,合31876,220,,6,109.6,賓組3,合3154 合3157 合3155
X/2268,910,910,1,104.4-111.5,111.2,15,217,,1,110.4,賓組1,合18705,228,,1,110.3,無名組1,合31876,220,,6,109.6,賓組3,合3154 合3157 合3155
X/2269,911,911,1,104.4-111.5,111.3,15,217,,1,110.4,賓組1,合18705,228,,1,110.3,無名組1,合31876,220,,6,109.6,賓組3,合3154 合3157 合3155
X/2270,912,912,1,104.4-111.5,111.4,15,217,,1,110.4,賓組1,合18705,228,,1,110.3,無名組1,合31876,220,,6,109.6,賓組3,合3154 合3157 合3155
X/2271,933,933,4,112.8-116.6,114.1,10,3331,□(衛),1,113.8,,,3334,□(衛),2,113.8,賓組2,合19957 合19957,3327,□(街),1,113.7,賓組1,合4908
X/2272,934,935,5,112.8-116.6,114.3,10,3331,□(衛),1,113.8,,,3334,□(衛),2,113.8,賓組2,合19957 合19957,3327,□(街),1,113.7,賓組1,合4908
X/2273,936,937,6,112.8-116.6,114.6,10,239,(),6,115.2,無2;賓組4,合6346 合6349 合6350 合6348 合6388,3331,□(衛),1,113.8,,,3334,□(衛),2,113.8,賓組2,合19957 合19957
X/2274,938,940,9,112.8-116.6,115.0,10,239,(),6,115.2,無2;賓組4,合6346 合6349 合6350 合6348 合6388,3321,,1,115.5,賓組1,合9233,207,□(御□),49,115.7,賓組9;子組3;無19;歷組9;黃組4;午組1,合6158 合8189 合21708 合30525 合6545 合6675 合19910 合9560
X/2275,941,941,2,112.8-116.6,115.3,10,239,(),6,115.2,無2;賓組4,合6346 合6349 合6350 合6348 合6388,3321,,1,115.5,賓組1,合9233,207,□(御□),49,115.7,賓組9;子組3;無19;歷組9;黃組4;午組1,合6158 合8189 合21708 合30525 合6545 合6675 合19910 合9560
X/2276,942,942,1,112.8-116.6,115.5,10,3321,,1,115.5,賓組1,合9233,207,□(御□),49,115.7,賓組9;子組3;無19;歷組9;黃組4;午組1,合6158 合8189 合21708 合30525 合6545 合6675 合19910 合9560,239,(),6,115.2,無2;賓組4,合6346 合6349 合6350 合6348 合6388
X/2277,943,943,1,112.8-116.6,115.6,10,207,□(御□),49,115.7,賓組9;子組3;無19;歷組9;黃組4;午組1,合6158 合8189 合21708 合30525 合6545 合6675 合19910 合9560,3321,,1,115.5,賓組1,合9233,233,,1,115.8,賓組1,合16229
X/2278,944,944,3,112.8-116.6,115.8,10,233,,1,115.8,賓組1,合16229,207,□(御□),49,115.7,賓組9;子組3;無19;歷組9;黃組4;午組1,合6158 合8189 合21708 合30525 合6545 合6675 合19910 合9560,246,,4,116.1,賓組4,合6949 合6948 合6948 合6949
X/2279,945,945,3,112.8-116.6,116.0,10,246,,4,116.1,賓組4,合6949 合6948 合6948 合6949,233,,1,115.8,賓組1,合16229,207,□(御□),49,115.7,賓組9;子組3;無19;歷組9;黃組4;午組1,合6158 合8189 合21708 合30525 合6545 合6675 合19910 合9560
X/2280,946,946,1,112.8-116.6,116.1,10,246,,4,116.1,賓組4,合6949 合6948 合6948 合6949,3304,,1,116.4,何組1,合31276,233,,1,115.8,賓組1,合16229
X/2281,947,947,1,112.8-116.6,116.3,10,3304,,1,116.4,何組1,合31276,246,,4,116.1,賓組4,合6949 合6948 合6948 合6949,247,(),1,116.5,賓組1,合6664
X/2282,948,948,1,112.8-116.6,116.4,10,3304,,1,116.4,何組1,合31276,247,(),1,116.5,賓組1,合6664,246,,4,116.1,賓組4,合6949 合6948 合6948 合6949
X/2283,954,954,1,116.6-117.4,117.2,0
X/2284,955,955,1,116.6-117.4,117.3,0
X/2285,993,993,1,120.7-124.4,121.7,6,1169,,9,121.7,無名組1;無5;何組3,合28159 合28153 合28161 合28156 合28158 合27250 合28154 合28163,879,,1,122.1,賓組1,合15335,259,□(冊),32,120.8,無20;何組1;賓組6;黃組1;無名組2;歷組1,合30649 合30656 合30673 合30653 合31458 合9357 合7387 合10613
X/2286,994,994,2,120.7-124.4,121.8,6,1169,,9,121.7,無名組1;無5;何組3,合28159 合28153 合28161 合28156 合28158 合27250 合28154 合28163,879,,1,122.1,賓組1,合15335,259,□(冊),32,120.8,無20;何組1;賓組6;黃組1;無名組2;歷組1,合30649 合30656 合30673 合30653 合31458 合9357 合7387 合10613
X/2287,995,995,1,120.7-124.4,121.9,6,1169,,9,121.7,無名組1;無5;何組3,合28159 合28153 合28161 合28156 合28158 合27250 合28154 合28163,879,,1,122.1,賓組1,合15335,259,□(冊),32,120.8,無20;何組1;賓組6;黃組1;無名組2;歷組1,合30649 合30656 合30673 合30653 合31458 合9357 合7387 合10613
X/2288,996,996,1,120.7-124.4,122.0,6,879,,1,122.1,賓組1,合15335,1169,,9,121.7,無名組1;無5;何組3,合28159 合28153 合28161 合28156 合28158 合27250 合28154 合28163,259,□(冊),32,120.8,無20;何組1;賓組6;黃組1;無名組2;歷組1,合30649 合30656 合30673 合30653 合31458 合9357 合7387 合10613
X/1225,1012,1012,3,120.7-124.4,123.7,6,263,,2,123.4,賓組2,合10613 合233,1829,□(□),1,123.3,無1,,3743,□(干),4,124.4,賓組2;無1,合2516 合4944
X/1226,1029,1029,1,124.4-126.3,125.6,4,430,,6,125.6,賓組2;無3;無名組1,合10084 合19045反 合4773 合28190 合15756,266,□(□),6,125.3,無2;賓組2;出組1,合12543 合9575 合13155 合23715 合8127,265,□(□),33,124.6,無11;何組2;賓組8;子組8;無名組1;出組2,合27075 合27459 合2960 合22247 合22246 合22246 合22511
X/1227,1030,1031,7,124.4-126.3,125.8,4,430,,6,125.6,賓組2;無3;無名組1,合10084 合19045反 合4773 合28190 合15756,266,□(□),6,125.3,無2;賓組2;出組1,合12543 合9575 合13155 合23715 合8127,265,□(□),33,124.6,無11;何組2;賓組8;子組8;無名組1;出組2,合27075 合27459 合2960 合22247 合22246 合22246 合22511
X/1228,1032,1032,1,124.4-126.3,125.9,4,430,,6,125.6,賓組2;無3;無名組1,合10084 合19045反 合4773 合28190 合15756,266,□(□),6,125.3,無2;賓組2;出組1,合12543 合9575 合13155 合23715 合8127,265,□(□),33,124.6,無11;何組2;賓組8;子組8;無名組1;出組2,合27075 合27459 合2960 合22247 合22246 合22246 合22511
X/1229,1033,1033,1,124.4-126.3,126.1,4,430,,6,125.6,賓組2;無3;無名組1,合10084 合19045反 合4773 合28190 合15756,266,□(□),6,125.3,無2;賓組2;出組1,合12543 合9575 合13155 合23715 合8127,265,□(□),33,124.6,無11;何組2;賓組8;子組8;無名組1;出組2,合27075 合27459 合2960 合22247 合22246 合22246 合22511
X/1230,1048,1048,1,126.3-128.2,127.8,1,270,□(□),4,127.8,無名組1;賓組2;無1,合28128 合11018 合8594反 合17261
X/1231,1095,1095,1,132.6-134.4,133.8,4,281,(),1,133.8,賓組1,合6057,3800,,1,134.1,賓組1,合4552,1245,,2,134.2,何組1;歷組1,合30373 合33244
X/1232,1096,1096,1,132.6-134.4,133.9,4,281,(),1,133.8,賓組1,合6057,3800,,1,134.1,賓組1,合4552,1245,,2,134.2,何組1;歷組1,合30373 合33244
X/1233,1097,1097,2,132.6-134.4,134.0,4,3800,,1,134.1,賓組1,合4552,1245,,2,134.2,何組1;歷組1,合30373 合33244,281,(),1,133.8,賓組1,合6057
X/1234,1098,1098,1,132.6-134.4,134.1,4,3800,,1,134.1,賓組1,合4552,1245,,2,134.2,何組1;歷組1,合30373 合33244,281,(),1,133.8,賓組1,合6057
X/1235,1099,1099,1,132.6-134.4,134.3,4,1245,,2,134.2,何組1;歷組1,合30373 合33244,3800,,1,134.1,賓組1,合4552,281,(),1,133.8,賓組1,合6057
X/1236,1121,1124,13,136.1-137.8,137.0,1,1088,,11,136.7,無3;出組6;賓組1;無名組1,合11351 合22912 合24951 合24951 合23711 合23713 合23716
X/1237,1125,1125,4,136.1-137.8,137.3,1,1088,,11,136.7,無3;出組6;賓組1;無名組1,合11351 合22912 合24951 合24951 合23711 合23713 合23716
X/1238,1126,1126,1,136.1-137.8,137.4,1,1088,,11,136.7,無3;出組6;賓組1;無名組1,合11351 合22912 合24951 合24951 合23711 合23713 合23716
X/1239,1127,1127,1,136.1-137.8,137.5,1,1088,,11,136.7,無3;出組6;賓組1;無名組1,合11351 合22912 合24951 合24951 合23711 合23713 合23716
X/1240,1128,1128,1,136.1-137.8,137.6,1,1088,,11,136.7,無3;出組6;賓組1;無名組1,合11351 合22912 合24951 合24951 合23711 合23713 合23716
X/1241,1129,1129,1,136.1-137.8,137.7,1,1088,,11,136.7,無3;出組6;賓組1;無名組1,合11351 合22912 合24951 合24951 合23711 合23713 合23716
X/1242,1150,1150,2,140.2-145.4,140.3,16,291,□(弄),2,140.3,賓組2,合18189 合18189,290,(),15,141.1,無4;賓組8,合5711 合18198 合18198 合3982 合5663 合5663 合11574 合18195,324,(),1,141.1,賓組1,合3453
X/1243,1151,1151,4,140.2-145.4,140.5,16,291,□(弄),2,140.3,賓組2,合18189 合18189,290,(),15,141.1,無4;賓組8,合5711 合18198 合18198 合3982 合5663 合5663 合11574 合18195,324,(),1,141.1,賓組1,合3453
X/1244,1152,1152,1,140.2-145.4,140.6,16,291,□(弄),2,140.3,賓組2,合18189 合18189,290,(),15,141.1,無4;賓組8,合5711 合18198 合18198 合3982 合5663 合5663 合11574 合18195,324,(),1,141.1,賓組1,合3453
X/1245,1153,1153,1,140.2-145.4,140.7,16,290,(),15,141.1,無4;賓組8,合5711 合18198 合18198 合3982 合5663 合5663 合11574 合18195,324,(),1,141.1,賓組1,合3453,291,□(弄),2,140.3,賓組2,合18189 合18189
X/1246,1154,1154,2,140.2-145.4,140.8,16,290,(),15,141.1,無4;賓組8,合5711 合18198 合18198 合3982 合5663 合5663 合11574 合18195,324,(),1,141.1,賓組1,合3453,291,□(弄),2,140.3,賓組2,合18189 合18189
X/1247,1155,1155,2,140.2-145.4,141.0,16,290,(),15,141.1,無4;賓組8,合5711 合18198 合18198 合3982 合5663 合5663 合11574 合18195,324,(),1,141.1,賓組1,合3453,301,(),13,141.6,賓組13,合6649 合6654 合6654 合6649 合6648 合6655 合9811 合10171
X/1248,1156,1158,10,140.2-145.4,141.2,16,290,(),15,141.1,無4;賓組8,合5711 合18198 合18198 合3982 合5663 合5663 合11574 合18195,324,(),1,141.1,賓組1,合3453,301,(),13,141.6,賓組13,合6649 合6654 合6654 合6649 合6648 合6655 合9811 合10171
X/1249,1159,1159,1,140.2-145.4,141.5,16,301,(),13,141.6,賓組13,合6649 合6654 合6654 合6649 合6648 合6655 合9811 合10171,290,(),15,141.1,無4;賓組8,合5711 合18198 合18198 合3982 合5663 合5663 合11574 合18195,324,(),1,141.1,賓組1,合3453
X/1250,1160,1160,3,140.2-145.4,141.6,16,301,(),13,141.6,賓組13,合6649 合6654 合6654 合6649 合6648 合6655 合9811 合10171,303,(),4,142.1,賓組1;歷組2;無1,合16962 合32884 合34579,3418,,1,142.1,賓組1,合16208反
X/1251,1161,1162,7,140.2-145.4,141.8,16,301,(),13,141.6,賓組13,合6649 合6654 合6654 合6649 合6648 合6655 合9811 合10171,303,(),4,142.1,賓組1;歷組2;無1,合16962 合32884 合34579,3418,,1,142.1,賓組1,合16208反
X/1252,1163,1163,2,140.2-145.4,142.0,16,303,(),4,142.1,賓組1;歷組2;無1,合16962 合32884 合34579,3418,,1,142.1,賓組1,合16208反,306,(),1,142.3,賓組1,合11250
X/1253,1164,1164,3,140.2-145.4,142.2,16,303,(),4,142.1,賓組1;歷組2;無1,合16962 合32884 合34579,3418,,1,142.1,賓組1,合16208反,306,(),1,142.3,賓組1,合11250
X/1254,1165,1166,8,140.2-145.4,142.3,16,306,(),1,142.3,賓組1,合11250,305,(),4,142.4,賓組1;出組2;無1,合4628 合24255 合24342 合11267,308,(),7,142.5,賓組3;無3;歷組1,合585 合39831 合34043 合14024 合5450
X/1255,1167,1167,2,140.2-145.4,142.5,16,308,(),7,142.5,賓組3;無3;歷組1,合585 合39831 合34043 合14024 合5450,305,(),4,142.4,賓組1;出組2;無1,合4628 合24255 合24342 合11267,3406,,1,142.7,出組1,合23542
X/1256,1168,1168,3,140.2-145.4,142.7,16,3406,,1,142.7,出組1,合23542,309,(),2,142.8,何組1;賓組1,合28002 合3450,308,(),7,142.5,賓組3;無3;歷組1,合585 合39831 合34043 合14024 合5450
X/1257,1169,1169,2,140.2-145.4,142.8,16,309,(),2,142.8,何組1;賓組1,合28002 合3450,3406,,1,142.7,出組1,合23542,308,(),7,142.5,賓組3;無3;歷組1,合585 合39831 合34043 合14024 合5450
X/1259,1170,1170,1,140.2-145.4,142.9,16,309,(),2,142.8,何組1;賓組1,合28002 合3450,3406,,1,142.7,出組1,合23542,1779,(),5,143.2,無3;賓組2,合10720 合10720 合10719 合6939 合6940
X/1260,1171,1171,1,140.2-145.4,143.1,16,1779,(),5,143.2,無3;賓組2,合10720 合10720 合10719 合6939 合6940,3370,,3,143.2,無1;黃組2,合36950 合38187 合36830,3371,,12,143.2,賓組7;無5,合6537 合7418 合35343 合35343 合6536 合10702 合10708 合225
X/1261,1172,1172,1,140.2-145.4,143.2,16,1779,(),5,143.2,無3;賓組2,合10720 合10720 合10719 合6939 合6940,3370,,3,143.2,無1;黃組2,合36950 合38187 合36830,3371,,12,143.2,賓組7;無5,合6537 合7418 合35343 合35343 合6536 合10702 合10708 合225
X/1262,1173,1174,5,140.2-145.4,143.4,16,1779,(),5,143.2,無3;賓組2,合10720 合10720 合10719 合6939 合6940,3370,,3,143.2,無1;黃組2,合36950 合38187 合36830,3371,,12,143.2,賓組7;無5,合6537 合7418 合35343 合35343 合6536 合10702 合10708 合225
X/1263,1175,1175,1,140.2-145.4,143.6,16,1779,(),5,143.2,無3;賓組2,合10720 合10720 合10719 合6939 合6940,3370,,3,143.2,無1;黃組2,合36950 合38187 合36830,3371,,12,143.2,賓組7;無5,合6537 合7418 合35343 合35343 合6536 合10702 合10708 合225
X/1264,1176,1188,50,140.2-145.4,144.5,16,3407,,1,144.2,無1,,1779,(),5,143.2,無3;賓組2,合10720 合10720 合10719 合6939 合6940,3370,,3,143.2,無1;黃組2,合36950 合38187 合36830
X/1265,1199,1202,14,145.5-146.8,146.5,4,4694,,6,146.4,賓組4;無2,合4445 合4444 合5771 合5770 合5455,4707,,1,146.4,賓組1,合4447,3446,□(興),1,146.8,賓組1,合339
X/1266,1209,1209,3,146.8-150.8,147.7,7,321,,2,147.8,賓組1;歷組1,合18220 合32555,1630,,3,147.6,賓組1,合6667,323,,8,148.1,賓組4;無4,合6480 合6480 合18214 合18188
X/1268,1211,1211,4,146.8-150.8,148.0,7,323,,8,148.1,賓組4;無4,合6480 合6480 合18214 合18188,321,,2,147.8,賓組1;歷組1,合18220 合32555,1630,,3,147.6,賓組1,合6667
X/1269,1212,1213,6,146.8-150.8,148.3,7,323,,8,148.1,賓組4;無4,合6480 合6480 合18214 合18188,321,,2,147.8,賓組1;歷組1,合18220 合32555,1630,,3,147.6,賓組1,合6667
X/1270,1214,1220,26,146.8-150.8,149.0,7,327,□(□),1,149.1,賓組1,合9477,58,□(蓐農),7,149.2,賓組3;何組1;無1,合9497 合9498 合583 合28087,297,□,1,149.4,無1,合21211
X/1272,1233,1233,1,151.5-151.7,151.6,1,3465,□(鬲),1,151.5,出組1,合24280
X/1273,1239,1239,1,151.7-154.5,152.3,5,331,,1,152.3,賓組1,合15705,332,,3,152.4,賓組2;無1,合8612 合8610,333,□(餗),18,152.5,出組1;無9;無名組3;賓組3;歷組2,合24146 合35982 合30956 合27095 合30955 合10111 合21695 合34572
X/1275,1252,1252,3,151.7-154.5,153.7,5,3456,,1,153.8,無名組1,合31036,4742,,1,154.3,賓組1,合4760,333,□(餗),18,152.5,出組1;無9;無名組3;賓組3;歷組2,合24146 合35982 合30956 合27095 合30955 合10111 合21695 合34572
X/1276,1253,1253,4,151.7-154.5,153.8,5,3456,,1,153.8,無名組1,合31036,4742,,1,154.3,賓組1,合4760,333,□(餗),18,152.5,出組1;無9;無名組3;賓組3;歷組2,合24146 合35982 合30956 合27095 合30955 合10111 合21695 合34572
X/1277,1254,1254,3,151.7-154.5,153.9,5,3456,,1,153.8,無名組1,合31036,4742,,1,154.3,賓組1,合4760,333,□(餗),18,152.5,出組1;無9;無名組3;賓組3;歷組2,合24146 合35982 合30956 合27095 合30955 合10111 合21695 合34572
X/1278,1255,1255,2,151.7-154.5,154.1,5,4742,,1,154.3,賓組1,合4760,3456,,1,153.8,無名組1,合31036,333,□(餗),18,152.5,出組1;無9;無名組3;賓組3;歷組2,合24146 合35982 合30956 合27095 合30955 合10111 合21695 合34572
X/1279,1256,1256,1,151.7-154.5,154.2,5,4742,,1,154.3,賓組1,合4760,3456,,1,153.8,無名組1,合31036,333,□(餗),18,152.5,出組1;無9;無名組3;賓組3;歷組2,合24146 合35982 合30956 合27095 合30955 合10111 合21695 合34572
X/1280,1257,1257,1,151.7-154.5,154.3,5,4742,,1,154.3,賓組1,合4760,3456,,1,153.8,無名組1,合31036,333,□(餗),18,152.5,出組1;無9;無名組3;賓組3;歷組2,合24146 合35982 合30956 合27095 合30955 合10111 合21695 合34572
X/1281,1258,1258,1,151.7-154.5,154.4,5,4742,,1,154.3,賓組1,合4760,3456,,1,153.8,無名組1,合31036,333,□(餗),18,152.5,出組1;無9;無名組3;賓組3;歷組2,合24146 合35982 合30956 合27095 合30955 合10111 合21695 合34572
X/1282,1266,1266,2,154.5-155.6,155.4,4,339,,1,155.4,子組1,合22269,336,□(為),25,154.8,子組1;賓組9;無15,合21729 合2953 合13490 合1855 合15182 合15182 合15186 合15186,4613,□(為),1,154.8,無1,合15189
X/1283,1267,1267,4,154.5-155.6,155.5,4,339,,1,155.4,子組1,合22269,336,□(為),25,154.8,子組1;賓組9;無15,合21729 合2953 合13490 合1855 合15182 合15182 合15186 合15186,4613,□(為),1,154.8,無1,合15189
X/1284,1286,1286,1,155.6-159.1,158.6,11,347,,1,158.6,無名組1,合27890,348,,3,158.7,賓組2;無1,合1958 合18031 合18027,346,,2,158.4,歷組1;賓組1,合32040 合16415
X/1285,1287,1287,1,155.6-159.1,158.8,11,348,,3,158.7,賓組2;無1,合1958 合18031 合18027,347,,1,158.6,無名組1,合27890,346,,2,158.4,歷組1;賓組1,合32040 合16415
X/1286,1288,1288,1,155.6-159.1,158.9,11,348,,3,158.7,賓組2;無1,合1958 合18031 合18027,347,,1,158.6,無名組1,合27890,346,,2,158.4,歷組1;賓組1,合32040 合16415
X/1288,1314,1314,3,159.1-162.1,162.0,7,351,□(□),6,161.6,黃組3;賓組2;無1,合36902 合36901 合6450 合41768 合5814,3492,□(□肱),2,161.3,賓組2,合13679 合13678,97,□(右又),1,161.2,無1,合20836
X/1291,1363,1363,3,167.8-169.8,168.8,4,363,,3,168.8,賓組3,合766 合766 合13619,364,□(□),39,169.3,無30;出組5;黃組4,合38344 合38416 合38414 合25257 合24343 合22733 合24305 合23368,3405,□(□),3,169.3,無2;歷無名間1,合19849 合27635
X/1293,1394,1394,1,171.3-178.7,172.3,21,372,,2,172.3,無1,合9946,370,,1,172.2,無名組1,合32726,373,,1,172.4,賓組1,合3353
X/1294,1395,1395,1,171.3-178.7,172.4,21,373,,1,172.4,賓組1,合3353,1611,(),1,172.5,歷組1,合32010,372,,2,172.3,無1,合9946
X/1295,1396,1396,4,171.3-178.7,172.6,21,1611,(),1,172.5,歷組1,合32010,375,,8,172.7,賓組2;無5;無名組1,合6983 合6343 合34110 合30455 合39577 合32150 合9284,373,,1,172.4,賓組1,合3353
X/1296,1397,1398,5,171.3-178.7,172.8,21,375,,8,172.7,賓組2;無5;無名組1,合6983 合6343 合34110 合30455 合39577 合32150 合9284,1611,(),1,172.5,歷組1,合32010,378,,9,173.1,賓組1;無3;黃組3,合6834 合4694 合35437 合35436 合39462 合5869
X/1297,1399,1400,7,171.3-178.7,173.0,21,378,,9,173.1,賓組1;無3;黃組3,合6834 合4694 合35437 合35436 合39462 合5869,375,,8,172.7,賓組2;無5;無名組1,合6983 合6343 合34110 合30455 合39577 合32150 合9284,382,,2,173.4,何組1,合29768
X/1298,1401,1402,7,171.3-178.7,173.3,21,382,,2,173.4,何組1,合29768,378,,9,173.1,賓組1;無3;黃組3,合6834 合4694 合35437 合35436 合39462 合5869,379,,1,173.6,賓組1,合655
X/1299,1403,1403,2,171.3-178.7,173.5,21,379,,1,173.6,賓組1,合655,382,,2,173.4,何組1,合29768,380,,3,173.7,無1;出組1;無名組1,合16486 合25030 合33378
X/1300,1404,1404,3,171.3-178.7,173.7,21,380,,3,173.7,無1;出組1;無名組1,合16486 合25030 合33378,379,,1,173.6,賓組1,合655,390,□(□),20,173.8,無14;無名組3;何組3,合28946 合27130 合30515 合31857 合31864 合27401 合28164
X/1301,1405,1405,2,171.3-178.7,173.8,21,390,□(□),20,173.8,無14;無名組3;何組3,合28946 合27130 合30515 合31857 合31864 合27401 合28164,380,,3,173.7,無1;出組1;無名組1,合16486 合25030 合33378,379,,1,173.6,賓組1,合655
X/1302,1406,1406,3,171.3-178.7,174.0,21,390,□(□),20,173.8,無14;無名組3;何組3,合28946 合27130 合30515 合31857 合31864 合27401 合28164,380,,3,173.7,無1;出組1;無名組1,合16486 合25030 合33378,379,,1,173.6,賓組1,合655
X/1303,1407,1411,20,171.3-178.7,174.4,21,300,(),1,174.5,賓組1,合18153,384,,9,174.6,賓組3;黃組1;無5,合19233 合8336 合37367 合10826 合17387,3417,,1,174.6,無1,
X/1304,1412,1412,3,171.3-178.7,174.8,21,368,□(),18,174.8,無13;賓組5,合3920 合12348 合13311反 合17634 合24976 合19507 合17534 合4677,384,,9,174.6,賓組3;黃組1;無5,合19233 合8336 合37367 合10826 合17387,3417,,1,174.6,無1,
X/1305,1413,1414,6,171.3-178.7,175.0,21,368,□(),18,174.8,無13;賓組5,合3920 合12348 合13311反 合17634 合24976 合19507 合17534 合4677,384,,9,174.6,賓組3;黃組1;無5,合19233 合8336 合37367 合10826 合17387,3417,,1,174.6,無1,
X/1306,1415,1418,14,171.3-178.7,175.4,21,3162,,2,175.5,賓組1;無1,合18103 合40471,387,□(左□),9,175.6,無3;出組1;歷組1;何組1;賓組3,合24506 合33006 合28882 合31215 合5825 合299 合137,368,□(),18,174.8,無13;賓組5,合3920 合12348 合13311反 合17634 合24976 合19507 合17534 合4677
X/1307,1419,1420,6,171.3-178.7,175.8,21,387,□(左□),9,175.6,無3;出組1;歷組1;何組1;賓組3,合24506 合33006 合28882 合31215 合5825 合299 合137,3162,,2,175.5,賓組1;無1,合18103 合40471,368,□(),18,174.8,無13;賓組5,合3920 合12348 合13311反 合17634 合24976 合19507 合17534 合4677
X/1308,1463,1463,3,181.3-182.6,181.4,3,395,(),1,181.4,賓組1,合18083,396,,16,181.5,無7;賓組8,合1034 合9399 合19095 合9402 合6431 合9251 合707 合10132,397,,6,182.3,賓組4;子組1;無1,合96 合96 合96 合96 合22135
X/1309,1464,1464,1,181.3-182.6,181.5,3,396,,16,181.5,無7;賓組8,合1034 合9399 合19095 合9402 合6431 合9251 合707 合10132,395,(),1,181.4,賓組1,合18083,397,,6,182.3,賓組4;子組1;無1,合96 合96 合96 合96 合22135
X/1310,1465,1469,20,181.3-182.6,181.8,3,396,,16,181.5,無7;賓組8,合1034 合9399 合19095 合9402 合6431 合9251 合707 合10132,395,(),1,181.4,賓組1,合18083,397,,6,182.3,賓組4;子組1;無1,合96 合96 合96 合96 合22135
X/1311,1470,1470,3,181.3-182.6,182.2,3,397,,6,182.3,賓組4;子組1;無1,合96 合96 合96 合96 合22135,396,,16,181.5,無7;賓組8,合1034 合9399 合19095 合9402 合6431 合9251 合707 合10132,395,(),1,181.4,賓組1,合18083
X/1312,1471,1472,6,181.3-182.6,182.3,3,397,,6,182.3,賓組4;子組1;無1,合96 合96 合96 合96 合22135,396,,16,181.5,無7;賓組8,合1034 合9399 合19095 合9402 合6431 合9251 合707 合10132,395,(),1,181.4,賓組1,合18083
X/1313,1473,1473,2,181.3-182.6,182.5,3,397,,6,182.3,賓組4;子組1;無1,合96 合96 合96 合96 合22135,396,,16,181.5,無7;賓組8,合1034 合9399 合19095 合9402 合6431 合9251 合707 合10132,395,(),1,181.4,賓組1,合18083
X/1314,1490,1492,11,182.6-188.7,184.1,17,407,□(役),7,184.1,賓組5;無2,合10131 合17939 合7422 合5363 合7168 合6510 合17940,403,,7,184.4,何組1;無1;賓組4;出組1,合29957 合4025 合4025 合25238 合4025 合465,3645,,1,184.4,賓組1,合18233
X/1315,1496,1496,2,182.6-188.7,184.5,17,403,,7,184.4,何組1;無1;賓組4;出組1,合29957 合4025 合4025 合25238 合4025 合465,3645,,1,184.4,賓組1,合18233,3672,,1,184.4,賓組1,合18233
X/1316,1497,1499,9,182.6-188.7,184.7,17,405,,1,184.8,歷組1,合32555,403,,7,184.4,何組1;無1;賓組4;出組1,合29957 合4025 合4025 合25238 合4025 合465,3645,,1,184.4,賓組1,合18233
X/1317,1500,1500,2,182.6-188.7,184.9,17,405,,1,184.8,歷組1,合32555,406,,1,185.1,無1,,409,,9,185.3,黃組4;無名組4;無1,合37637 合29293 合37461 合37661 合33537 合29285 合36438
X/1318,1501,1502,6,182.6-188.7,185.0,17,406,,1,185.1,無1,,405,,1,184.8,歷組1,合32555,409,,9,185.3,黃組4;無名組4;無1,合37637 合29293 合37461 合37661 合33537 合29285 合36438
X/1319,1503,1503,2,182.6-188.7,185.2,17,406,,1,185.1,無1,,409,,9,185.3,黃組4;無名組4;無1,合37637 合29293 合37461 合37661 合33537 合29285 合36438,405,,1,184.8,歷組1,合32555
X/1320,1504,1504,2,182.6-188.7,185.3,17,409,,9,185.3,黃組4;無名組4;無1,合37637 合29293 合37461 合37661 合33537 合29285 合36438,406,,1,185.1,無1,,410,,3,185.6,無2;出組1,合24264 合24265
X/1321,1505,1507,12,182.6-188.7,185.4,17,409,,9,185.3,黃組4;無名組4;無1,合37637 合29293 合37461 合37661 合33537 合29285 合36438,410,,3,185.6,無2;出組1,合24264 合24265,406,,1,185.1,無1,
X/1322,1508,1508,3,182.6-188.7,185.6,17,410,,3,185.6,無2;出組1,合24264 合24265,404,(),1,185.8,出組1,合24762,409,,9,185.3,黃組4;無名組4;無1,合37637 合29293 合37461 合37661 合33537 合29285 合36438
X/1323,1509,1509,2,182.6-188.7,185.7,17,410,,3,185.6,無2;出組1,合24264 合24265,404,(),1,185.8,出組1,合24762,409,,9,185.3,黃組4;無名組4;無1,合37637 合29293 合37461 合37661 合33537 合29285 合36438
X/1324,1510,1510,4,182.6-188.7,185.8,17,404,(),1,185.8,出組1,合24762,410,,3,185.6,無2;出組1,合24264 合24265,409,,9,185.3,黃組4;無名組4;無1,合37637 合29293 合37461 合37661 合33537 合29285 合36438
X/1325,1511,1511,1,182.6-188.7,185.9,17,404,(),1,185.8,出組1,合24762,410,,3,185.6,無2;出組1,合24264 合24265,3734,□(鳧),2,186.4,賓組1;無1,合14161 合18328
X/1326,1512,1512,1,182.6-188.7,186.0,17,404,(),1,185.8,出組1,合24762,410,,3,185.6,無2;出組1,合24264 合24265,3734,□(鳧),2,186.4,賓組1;無1,合14161 合18328
X/1330,1595,1596,8,193.7-199.7,195.2,13,431,(),4,195.2,賓組3;無1,合18224 合40514 合2392 合10970,436,(),1,195.4,賓組1,合5658,432,(),4,195.5,無3,合21519
X/1331,1597,1597,1,193.7-199.7,195.4,13,436,(),1,195.4,賓組1,合5658,432,(),4,195.5,無3,合21519,431,(),4,195.2,賓組3;無1,合18224 合40514 合2392 合10970
X/1332,1598,1599,5,193.7-199.7,195.6,13,433,(),19,195.6,賓組5;無13,合14370 合14173 合4539 合10607 合2340 合18772 合4537,432,(),4,195.5,無3,合21519,436,(),1,195.4,賓組1,合5658
X/1333,1600,1600,2,193.7-199.7,195.8,13,433,(),19,195.6,賓組5;無13,合14370 合14173 合4539 合10607 合2340 合18772 合4537,432,(),4,195.5,無3,合21519,436,(),1,195.4,賓組1,合5658
X/1334,1601,1601,4,193.7-199.7,195.9,13,434,(),1,196.2,賓組1,合5613,433,(),19,195.6,賓組5;無13,合14370 合14173 合4539 合10607 合2340 合18772 合4537,432,(),4,195.5,無3,合21519
X/1335,1602,1606,17,193.7-199.7,196.4,13,434,(),1,196.2,賓組1,合5613,443,(),11,196.8,無4;賓組5;黃組1;歷組1,合27952 合6 合36836 合4603 合8278 合31997 合4605,433,(),19,195.6,賓組5;無13,合14370 合14173 合4539 合10607 合2340 合18772 合4537
X/1336,1607,1607,1,193.7-199.7,196.8,13,443,(),11,196.8,無4;賓組5;黃組1;歷組1,合27952 合6 合36836 合4603 合8278 合31997 合4605,440,,5,197.2,賓組3;無2,合8886 合18657 合527,445,(),11,197.3,賓組3;無8,合5992 合6816 合18228 合31788 合104 合18229 合20380
X/1337,1608,1608,2,193.7-199.7,196.9,13,443,(),11,196.8,無4;賓組5;黃組1;歷組1,合27952 合6 合36836 合4603 合8278 合31997 合4605,440,,5,197.2,賓組3;無2,合8886 合18657 合527,445,(),11,197.3,賓組3;無8,合5992 合6816 合18228 合31788 合104 合18229 合20380
X/1338,1609,1609,1,193.7-199.7,197.0,13,440,,5,197.2,賓組3;無2,合8886 合18657 合527,443,(),11,196.8,無4;賓組5;黃組1;歷組1,合27952 合6 合36836 合4603 合8278 合31997 合4605,445,(),11,197.3,賓組3;無8,合5992 合6816 合18228 合31788 合104 合18229 合20380
X/1339,1610,1610,1,193.7-199.7,197.2,13,440,,5,197.2,賓組3;無2,合8886 合18657 合527,445,(),11,197.3,賓組3;無8,合5992 合6816 合18228 合31788 合104 合18229 合20380,3665,,1,197.5,無1,
X/1340,1611,1611,2,193.7-199.7,197.3,13,445,(),11,197.3,賓組3;無8,合5992 合6816 合18228 合31788 合104 合18229 合20380,440,,5,197.2,賓組3;無2,合8886 合18657 合527,3665,,1,197.5,無1,
X/1341,1612,1612,1,193.7-199.7,197.5,13,3665,,1,197.5,無1,,445,(),11,197.3,賓組3;無8,合5992 合6816 合18228 合31788 合104 合18229 合20380,440,,5,197.2,賓組3;無2,合8886 合18657 合527
X/1342,1613,1615,11,193.7-199.7,197.7,13,3665,,1,197.5,無1,,447,(□),1,198.1,無名組1,合30270,445,(),11,197.3,賓組3;無8,合5992 合6816 合18228 合31788 合104 合18229 合20380
X/1343,1616,1616,3,193.7-199.7,198.0,13,447,(□),1,198.1,無名組1,合30270,449,,1,198.3,黃組1,合36551,450,,1,198.5,無1,合13934
X/1344,1617,1618,6,193.7-199.7,198.2,13,449,,1,198.3,黃組1,合36551,447,(□),1,198.1,無名組1,合30270,450,,1,198.5,無1,合13934
X/1345,1619,1619,1,193.7-199.7,198.4,13,450,,1,198.5,無1,合13934,449,,1,198.3,黃組1,合36551,451,,1,198.6,黃組1,合38245
X/1346,1620,1620,1,193.7-199.7,198.6,13,451,,1,198.6,黃組1,合38245,450,,1,198.5,無1,合13934,449,,1,198.3,黃組1,合36551
X/1347,1621,1621,4,193.7-199.7,198.7,13,451,,1,198.6,黃組1,合38245,450,,1,198.5,無1,合13934,449,,1,198.3,黃組1,合36551
X/1348,1622,1622,1,193.7-199.7,198.9,13,451,,1,198.6,黃組1,合38245,450,,1,198.5,無1,合13934,449,,1,198.3,黃組1,合36551
X/1349,1623,1624,7,193.7-199.7,199.1,13,451,,1,198.6,黃組1,合38245,450,,1,198.5,無1,合13934,449,,1,198.3,黃組1,合36551
X/1350,1625,1625,1,193.7-199.7,199.3,13,451,,1,198.6,黃組1,合38245,450,,1,198.5,無1,合13934,449,,1,198.3,黃組1,合36551
X/1351,1626,1626,2,193.7-199.7,199.4,13,451,,1,198.6,黃組1,合38245,450,,1,198.5,無1,合13934,449,,1,198.3,黃組1,合36551
X/1352,1627,1627,3,193.7-199.7,199.6,13,451,,1,198.6,黃組1,合38245,450,,1,198.5,無1,合13934,449,,1,198.3,黃組1,合36551
X/1353,1680,1681,5,203.2-205.4,205.2,1,3676,□(占),13,203.2,黃組3;無9,合38244 合36734 合37372 合37712 合36936 合35652 合37695 合37770
X/1354,1682,1682,3,203.2-205.4,205.3,1,3676,□(占),13,203.2,黃組3;無9,合38244 合36734 合37372 合37712 合36936 合35652 合37695 合37770
X/1357,1711,1711,2,207.8-209.2,208.9,2,460,□(□□),18,208.6,無12;賓組6,合17388 合3906 合9506 合12966 合301 合11400 合320 合16184,3746,,2,208.5,無1;賓組1,合3972 合3066
X/1358,1712,1712,1,207.8-209.2,209.1,2,460,□(□□),18,208.6,無12;賓組6,合17388 合3906 合9506 合12966 合301 合11400 合320 合16184,3746,,2,208.5,無1;賓組1,合3972 合3066
X/1361,1775,1778,16,215.6-221.6,216.2,10,467,,17,216.4,出組3;無7;賓組3;歷組1,合24252 合24249 合24250 合5379 合3367 合22317 合3403,1044,□(瞽),6,215.7,賓組5;無1,合16016 合17136 合16042 合16013 合16015,4379,□(瞽),1,215.7,賓組1,合16041
X/1362,1779,1779,1,215.6-221.6,216.7,10,1742,,1,216.8,賓組1,合19166,467,,17,216.4,出組3;無7;賓組3;歷組1,合24252 合24249 合24250 合5379 合3367 合22317 合3403,3922,,1,217.1,賓組1,合13399
X/1363,1780,1780,1,215.6-221.6,216.9,10,1742,,1,216.8,賓組1,合19166,3922,,1,217.1,賓組1,合13399,1812,(),1,217.3,賓組1,合6063
X/1364,1781,1781,2,215.6-221.6,217.1,10,3922,,1,217.1,賓組1,合13399,1812,(),1,217.3,賓組1,合6063,1742,,1,216.8,賓組1,合19166
X/1365,1782,1784,10,215.6-221.6,217.4,10,1740,(),12,217.4,賓組4,合18321 合13741 合4318 合234,1812,(),1,217.3,賓組1,合6063,3922,,1,217.1,賓組1,合13399
X/1366,1785,1792,30,215.6-221.6,218.4,10,1740,(),12,217.4,賓組4,合18321 合13741 合4318 合234,1812,(),1,217.3,賓組1,合6063,3922,,1,217.1,賓組1,合13399
X/1367,1793,1793,1,215.6-221.6,219.2,10,1740,(),12,217.4,賓組4,合18321 合13741 合4318 合234,1812,(),1,217.3,賓組1,合6063,3922,,1,217.1,賓組1,合13399
X/1368,1794,1796,9,215.6-221.6,219.6,10,3698,□(眉),2,221.6,賓組2,合4504 合1673,1740,(),12,217.4,賓組4,合18321 合13741 合4318 合234,1812,(),1,217.3,賓組1,合6063
X/1369,1797,1797,3,215.6-221.6,220.0,10,3698,□(眉),2,221.6,賓組2,合4504 合1673,1740,(),12,217.4,賓組4,合18321 合13741 合4318 合234,1812,(),1,217.3,賓組1,合6063
X/1370,1798,1804,28,215.6-221.6,220.7,10,3698,□(眉),2,221.6,賓組2,合4504 合1673,1740,(),12,217.4,賓組4,合18321 合13741 合4318 合234,1812,(),1,217.3,賓組1,合6063
X/1371,1837,1837,1,223.5-226.3,225.4,4,479,(),1,225.4,,,477,,1,225.3,賓組1,合13633,480,(),2,225.5,賓組2,合19639 合6568
X/1372,1838,1838,1,223.5-226.3,225.5,4,480,(),2,225.5,賓組2,合19639 合6568,479,(),1,225.4,,,477,,1,225.3,賓組1,合13633
X/1373,1839,1840,7,223.5-226.3,225.7,4,481,,7,225.7,組2;無2;賓組3,合13514 合18354 合13514 合18353 合9731 合2630 合18355,480,(),2,225.5,賓組2,合19639 合6568,479,(),1,225.4,,
X/1374,1841,1842,8,223.5-226.3,226.0,4,481,,7,225.7,組2;無2;賓組3,合13514 合18354 合13514 合18353 合9731 合2630 合18355,480,(),2,225.5,賓組2,合19639 合6568,479,(),1,225.4,,
X/1375,1843,1843,2,223.5-226.3,226.2,4,481,,7,225.7,組2;無2;賓組3,合13514 合18354 合13514 合18353 合9731 合2630 合18355,480,(),2,225.5,賓組2,合19639 合6568,479,(),1,225.4,,
X/1377,1908,1908,2,233.6-236.3,234.0,5,496,□(鴻),3,233.8,黃組3,合36567 合36567 合36565,497,,1,234.2,賓組1,合18220,500,,3,234.5,何組1;組1;賓組1,合27939 合20576 合8377
X/1378,1909,1910,6,233.6-236.3,234.1,5,497,,1,234.2,賓組1,合18220,496,□(鴻),3,233.8,黃組3,合36567 合36567 合36565,500,,3,234.5,何組1;組1;賓組1,合27939 合20576 合8377
X/1379,1911,1911,2,233.6-236.3,234.3,5,497,,1,234.2,賓組1,合18220,500,,3,234.5,何組1;組1;賓組1,合27939 合20576 合8377,496,□(鴻),3,233.8,黃組3,合36567 合36567 合36565
X/1380,1912,1912,3,233.6-236.3,234.4,5,500,,3,234.5,何組1;組1;賓組1,合27939 合20576 合8377,497,,1,234.2,賓組1,合18220,496,□(鴻),3,233.8,黃組3,合36567 合36567 合36565
X/1381,1913,1914,6,233.6-236.3,234.6,5,500,,3,234.5,何組1;組1;賓組1,合27939 合20576 合8377,497,,1,234.2,賓組1,合18220,496,□(鴻),3,233.8,黃組3,合36567 合36567 合36565
X/1382,1915,1916,5,233.6-236.3,234.8,5,500,,3,234.5,何組1;組1;賓組1,合27939 合20576 合8377,1802,,1,235.4,賓組1,合10425,497,,1,234.2,賓組1,合18220
X/1383,1917,1917,1,233.6-236.3,235.0,5,1802,,1,235.4,賓組1,合10425,500,,3,234.5,何組1;組1;賓組1,合27939 合20576 合8377,506,□(雈),22,235.7,無10;何組3;組1;賓組6;無名組1,合33146 合28200 合30959 合20576 合9607 合9501 合5634 合454
X/1384,1918,1918,1,233.6-236.3,235.1,5,1802,,1,235.4,賓組1,合10425,506,□(雈),22,235.7,無10;何組3;組1;賓組6;無名組1,合33146 合28200 合30959 合20576 合9607 合9501 合5634 合454,500,,3,234.5,何組1;組1;賓組1,合27939 合20576 合8377
X/1385,1919,1919,1,233.6-236.3,235.2,5,1802,,1,235.4,賓組1,合10425,506,□(雈),22,235.7,無10;何組3;組1;賓組6;無名組1,合33146 合28200 合30959 合20576 合9607 合9501 合5634 合454,500,,3,234.5,何組1;組1;賓組1,合27939 合20576 合8377
X/1386,1920,1920,1,233.6-236.3,235.4,5,1802,,1,235.4,賓組1,合10425,506,□(雈),22,235.7,無10;何組3;組1;賓組6;無名組1,合33146 合28200 合30959 合20576 合9607 合9501 合5634 合454,500,,3,234.5,何組1;組1;賓組1,合27939 合20576 合8377
X/1387,1921,1921,1,233.6-236.3,235.5,5,1802,,1,235.4,賓組1,合10425,506,□(雈),22,235.7,無10;何組3;組1;賓組6;無名組1,合33146 合28200 合30959 合20576 合9607 合9501 合5634 合454,500,,3,234.5,何組1;組1;賓組1,合27939 合20576 合8377
X/1388,1922,1922,1,233.6-236.3,235.6,5,506,□(雈),22,235.7,無10;何組3;組1;賓組6;無名組1,合33146 合28200 合30959 合20576 合9607 合9501 合5634 合454,1802,,1,235.4,賓組1,合10425,500,,3,234.5,何組1;組1;賓組1,合27939 合20576 合8377
X/1389,1923,1923,1,233.6-236.3,235.7,5,506,□(雈),22,235.7,無10;何組3;組1;賓組6;無名組1,合33146 合28200 合30959 合20576 合9607 合9501 合5634 合454,1802,,1,235.4,賓組1,合10425,500,,3,234.5,何組1;組1;賓組1,合27939 合20576 合8377
X/1390,1940,1940,2,237.5-238.2,238.1,0
X/1391,1966,1971,21,239.7-243.2,241.5,5,1743,,25,241.3,賓組8;無10;何組1;出組6,合13506 合13506 合4628 合30619 合22657 合25283 合25813,516,,1,241.2,,,517,□(□),20,242.1,無9;賓組6;子組1,合6995 合11618 合1824 合11154 合17176 合9596 合6997
X/1392,1972,1972,1,239.7-243.2,242.0,5,517,□(□),20,242.1,無9;賓組6;子組1,合6995 合11618 合1824 合11154 合17176 合9596 合6997,517,□(□),20,242.2,無9;賓組6;子組1,合6995 合11618 合1824 合11154 合17176 合9596 合6997,1743,,25,241.3,賓組8;無10;何組1;出組6,合13506 合13506 合4628 合30619 合22657 合25283 合25813
X/1393,1980,1980,3,239.7-243.2,243.1,5,518,□(霍),9,242.7,黃組7;賓組1;午組1,合36783 合36782 合36784 合35887 合36779 合36781 合36780 合10989,517,□(□),20,242.2,無9;賓組6;子組1,合6995 合11618 合1824 合11154 合17176 合9596 合6997,517,□(□),20,242.1,無9;賓組6;子組1,合6995 合11618 合1824 合11154 合17176 合9596 合6997
X/1394,1983,1983,1,243.2-243.4,243.3,1,520,□(集),6,243.3,賓組5,合18323 合9438 合17455 合17455 合17867
X/1395,2000,2000,1,243.4-245.7,244.9,2,496,□(鴻),3,245.3,黃組3,合36567 合36567 合36565,522,□(鳳),49,244.1,無28;黃組3;無名組5;賓組5;歷組3,合30234 合38186 合38187 合38188 合30393 合29234 合29234 合29175
X/1396,2001,2001,3,243.4-245.7,245.0,2,496,□(鴻),3,245.3,黃組3,合36567 合36567 合36565,522,□(鳳),49,244.1,無28;黃組3;無名組5;賓組5;歷組3,合30234 合38186 合38187 合38188 合30393 合29234 合29234 合29175
X/1397,2013,2013,1,245.7-246.7,246.3,0
X/1398,2014,2014,1,245.7-246.7,246.4,0
X/1399,2015,2015,2,245.7-246.7,246.5,0
X/1400,2036,2036,1,248.2-249.2,249.1,3,1780,,1,248.8,黃組1,合36524,528,□(□),20,248.3,無10;黃組1;賓組7;歷組1;何組1,合7395 合7435 合7428 合38232 合6406 合7418 合7403,3447,□(□),1,248.3,何組1,合31784
X/1401,2040,2046,27,249.2-249.4,249.3,0
X/1402,2049,2050,7,249.4-251.1,249.7,4,459,□(□□),30,249.7,賓組9;何組2;無17;無名組1,合8103 合30619 合29355 合15650 合3947反 合8843 合22860,535,□(□□),61,249.7,無20;歷組12;午組1;黃組4;無名組6;何組2;子組2;無名黃間1;賓組2,合32985 合34271 合33093 合22097 合36115 合35346 合32331,3064,□(□□),1,249.7,歷組1,合34343
X/1403,2051,2052,5,249.4-251.1,249.9,4,459,□(□□),30,249.7,賓組9;何組2;無17;無名組1,合8103 合30619 合29355 合15650 合3947反 合8843 合22860,535,□(□□),61,249.7,無20;歷組12;午組1;黃組4;無名組6;何組2;子組2;無名黃間1;賓組2,合32985 合34271 合33093 合22097 合36115 合35346 合32331,3064,□(□□),1,249.7,歷組1,合34343
X/1404,2053,2053,1,249.4-251.1,250.1,4,459,□(□□),30,249.7,賓組9;何組2;無17;無名組1,合8103 合30619 合29355 合15650 合3947反 合8843 合22860,535,□(□□),61,249.7,無20;歷組12;午組1;黃組4;無名組6;何組2;子組2;無名黃間1;賓組2,合32985 合34271 合33093 合22097 合36115 合35346 合32331,3064,□(□□),1,249.7,歷組1,合34343
X/1405,2103,2103,1,254.1-257.8,256.4,8,542,,3,256.5,賓組2;無1,合7076 合7076 合22160,543,,3,256.6,無1;賓組1;子組1,合19191 合7074 合22405,541,(驟),14,256.1,無6;賓組8,合13463 合19242 合1478 合8943 合137 合367
X/1406,2104,2107,14,254.1-257.8,256.6,8,543,,3,256.6,無1;賓組1;子組1,合19191 合7074 合22405,542,,3,256.5,賓組2;無1,合7076 合7076 合22160,544,□(□□),3,257.1,何組3,合29328 合29324 合29326
X/1407,2108,2109,5,254.1-257.8,256.9,8,544,□(□□),3,257.1,何組3,合29328 合29324 合29326,4074,□(□),1,257.2,何組1,合28151,543,,3,256.6,無1;賓組1;子組1,合19191 合7074 合22405
X/1408,2110,2110,1,254.1-257.8,257.1,8,544,□(□□),3,257.1,何組3,合29328 合29324 合29326,4074,□(□),1,257.2,何組1,合28151,545,□(歹□□),15,257.4,黃組1;子組5;賓組2;無6,合36959 合22135 合22135 合22254 合22247 合22134 合18805 合11622
X/1409,2111,2111,1,254.1-257.8,257.2,8,4074,□(□),1,257.2,何組1,合28151,544,□(□□),3,257.1,何組3,合29328 合29324 合29326,545,□(歹□□),15,257.4,黃組1;子組5;賓組2;無6,合36959 合22135 合22135 合22254 合22247 合22134 合18805 合11622
X/1410,2124,2124,4,258.2-259.2,258.6,2,3810,,6,258.6,無3;賓組1,合5122 合7078 合7076 合18268,547,□(□骨),2,258.8,賓組1;歷組1,合3236 合32770
X/1411,2125,2125,1,258.2-259.2,258.8,2,547,□(□骨),2,258.8,賓組1;歷組1,合3236 合32770,3810,,6,258.6,無3;賓組1,合5122 合7078 合7076 合18268
X/1412,2128,2128,1,258.2-259.2,259.1,2,547,□(□骨),2,258.8,賓組1;歷組1,合3236 合32770,3810,,6,258.6,無3;賓組1,合5122 合7078 合7076 合18268
X/1413,2134,2134,1,259.4-259.8,259.6,1,3709,□(膺),2,259.6,賓組2,合18338 合18338
X/1414,2135,2135,1,259.4-259.8,259.7,1,3709,□(膺),2,259.6,賓組2,合18338 合18338
X/1415,2143,2143,3,259.8-263.7,260.7,7,3583,□(肘),1,261.2,賓組1,合11018,4324,□(腹),1,261.4,何組1,合31759,438,□(□散),3,261.5,何組2;無1,合31786 合29092 合5722
X/1416,2144,2145,6,259.8-263.7,260.9,7,3583,□(肘),1,261.2,賓組1,合11018,4324,□(腹),1,261.4,何組1,合31759,438,□(□散),3,261.5,何組2;無1,合31786 合29092 合5722
X/1417,2162,2162,1,259.8-263.7,263.2,7,4689,,2,263.4,賓組1;無1,合13675 合21421,1759,□(□),12,262.3,無6;子組2;無名組1;賓組1;歷組1,合31084 合27063 合4660 合21782 合30464 合4661 合2238 合39481,438,□(□散),3,261.5,何組2;無1,合31786 合29092 合5722
X/1418,2163,2163,4,259.8-263.7,263.3,7,4689,,2,263.4,賓組1;無1,合13675 合21421,1759,□(□),12,262.3,無6;子組2;無名組1;賓組1;歷組1,合31084 合27063 合4660 合21782 合30464 合4661 合2238 合39481,438,□(□散),3,261.5,何組2;無1,合31786 合29092 合5722
X/1419,2164,2164,1,259.8-263.7,263.4,7,4689,,2,263.4,賓組1;無1,合13675 合21421,1759,□(□),12,262.3,無6;子組2;無名組1;賓組1;歷組1,合31084 合27063 合4660 合21782 合30464 合4661 合2238 合39481,438,□(□散),3,261.5,何組2;無1,合31786 合29092 合5722
X/1420,2165,2165,1,259.8-263.7,263.6,7,4689,,2,263.4,賓組1;無1,合13675 合21421,1759,□(□),12,262.3,無6;子組2;無名組1;賓組1;歷組1,合31084 合27063 合4660 合21782 合30464 合4661 合2238 合39481,438,□(□散),3,261.5,何組2;無1,合31786 合29092 合5722
X/1421,2196,2200,19,266.1-269.1,266.9,13,558,□(),4,266.6,賓組4,合5995 合6226 合5994 合8986,559,,4,267.1,無名組2;無2,合30431 合29755 合31134,557,,1,266.5,無1,合39932
X/1422,2201,2201,1,266.1-269.1,267.2,13,559,,4,267.1,無名組2;無2,合30431 合29755 合31134,567,,1,267.3,,,561,,1,267.4,歷組1,合33211
X/1423,2202,2202,1,266.1-269.1,267.3,13,567,,1,267.3,,,561,,1,267.4,歷組1,合33211,3815,,1,267.4,賓組1,合18447
X/1424,2203,2204,5,266.1-269.1,267.4,13,561,,1,267.4,歷組1,合33211,3815,,1,267.4,賓組1,合18447,567,,1,267.3,,
X/1425,2205,2206,8,266.1-269.1,267.7,13,563,,8,267.6,午組1;出組1;無1;賓組2;歷組1,合22091 合23539 合18449 合17670 合33526 合4205,561,,1,267.4,歷組1,合33211,3815,,1,267.4,賓組1,合18447
X/1426,2207,2207,2,266.1-269.1,267.8,13,563,,8,267.6,午組1;出組1;無1;賓組2;歷組1,合22091 合23539 合18449 合17670 合33526 合4205,562,,3,268.1,無名組1;歷組1;無1,合31199 合33358,4325,,1,268.1,何組1,合28227
X/1427,2208,2208,2,266.1-269.1,267.9,13,562,,3,268.1,無名組1;歷組1;無1,合31199 合33358,4325,,1,268.1,何組1,合28227,565,(刞),2,268.2,賓組1;無1,合15429 合2043
X/1428,2209,2209,1,266.1-269.1,268.0,13,562,,3,268.1,無名組1;歷組1;無1,合31199 合33358,4325,,1,268.1,何組1,合28227,565,(刞),2,268.2,賓組1;無1,合15429 合2043
X/1429,2210,2212,9,266.1-269.1,268.2,13,565,(刞),2,268.2,賓組1;無1,合15429 合2043,566,(),9,268.2,無名組1;無4;歷無名間1;歷組3,合29405 合35889 合27465 合31002 合307 合32697 合32547,562,,3,268.1,無名組1;歷組1;無1,合31199 合33358
X/1430,2213,2213,2,266.1-269.1,268.5,13,568,,1,268.5,賓組1,合18534,3819,剢,3,268.7,賓組2;無1,合525 合5997,565,(刞),2,268.2,賓組1;無1,合15429 合2043
X/1431,2214,2216,12,266.1-269.1,268.7,13,3819,剢,3,268.7,賓組2;無1,合525 合5997,568,,1,268.5,賓組1,合18534,565,(刞),2,268.2,賓組1;無1,合15429 合2043
X/1432,2217,2217,1,266.1-269.1,268.9,13,3819,剢,3,268.7,賓組2;無1,合525 合5997,568,,1,268.5,賓組1,合18534,565,(刞),2,268.2,賓組1;無1,合15429 合2043
X/1433,2218,2218,1,266.1-269.1,269.0,13,3819,剢,3,268.7,賓組2;無1,合525 合5997,568,,1,268.5,賓組1,合18534,565,(刞),2,268.2,賓組1;無1,合15429 合2043
X/1434,2224,2224,2,269.1-269.8,269.7,1,570,□(□),1,269.4,無名組1,合31823
X/1435,2230,2230,2,269.8-270.7,270.4,0
X/1436,2231,2231,3,269.8-270.7,270.6,0
X/1437,2252,2252,1,273.3-277.1,274.4,6,577,□(箕其),43,274.6,無20;無名組2;賓組5;黃組9;出組1;歷組3,合33811 合27000 合33757 合33771 合28664 合1285 合14542,3479,,1,274.2,無1,合41342,3844,□(竽),6,273.8,賓組4;出組1;無1,合16243 合18635 合16242 合24216 合1654
X/1438,2253,2253,1,273.3-277.1,274.5,6,577,□(箕其),43,274.6,無20;無名組2;賓組5;黃組9;出組1;歷組3,合33811 合27000 合33757 合33771 合28664 合1285 合14542,3479,,1,274.2,無1,合41342,3844,□(竽),6,273.8,賓組4;出組1;無1,合16243 合18635 合16242 合24216 合1654
X/1439,2254,2254,3,273.3-277.1,274.6,6,577,□(箕其),43,274.6,無20;無名組2;賓組5;黃組9;出組1;歷組3,合33811 合27000 合33757 合33771 合28664 合1285 合14542,3479,,1,274.2,無1,合41342,3844,□(竽),6,273.8,賓組4;出組1;無1,合16243 合18635 合16242 合24216 合1654
X/1440,2266,2266,3,273.3-277.1,276.1,6,1733,□(典),27,276.1,黃組6;無12;出組1;無名組4;歷組2;賓組1,合36489 合38189 合38310 合24387 合35407 合22675 合35397 合37840,1764,畀,12,276.5,無5;賓組6,合6810 合19270 合15936 合651 合15942 合15935 合6159,577,□(箕其),43,274.6,無20;無名組2;賓組5;黃組9;出組1;歷組3,合33811 合27000 合33757 合33771 合28664 合1285 合14542
X/1441,2267,2269,9,273.3-277.1,276.4,6,1764,畀,12,276.5,無5;賓組6,合6810 合19270 合15936 合651 合15942 合15935 合6159,1733,□(典),27,276.1,黃組6;無12;出組1;無名組4;歷組2;賓組1,合36489 合38189 合38310 合24387 合35407 合22675 合35397 合37840,577,□(箕其),43,274.6,無20;無名組2;賓組5;黃組9;出組1;歷組3,合33811 合27000 合33757 合33771 合28664 合1285 合14542
X/1442,2286,2286,2,277.6-278.8,278.5,2,581,,1,278.5,,,3403,,1,278.6,無1,合40071
X/1443,2287,2287,1,277.6-278.8,278.7,2,3403,,1,278.6,無1,合40071,581,,1,278.5,,
X/1444,2339,2339,1,284.4-285.3,285.2,5,592,,1,285.2,無1,,591,□(寧),31,284.5,黃組3;無28,合36478 合36480 合36421 合36450 合36540 合36544,646,□(寧),20,284.5,無13;歷組3;無名組1;賓組1,合34142 合34152 合19314 合30702 合34151 合17817
X/1445,2377,2377,3,289.1-289.7,289.6,1,604,,1,289.6,黃組1,合41757
X/1446,2393,2393,1,291.1-291.6,291.5,1,608,,1,291.5,出組1,合24390
X/1447,2403,2403,1,292.2-294.7,293.7,1,613,□(豊),17,294.2,無名組3;歷組4;何組1;無7;賓組2,合31047 合34612 合27460 合16085 合15818 合14625 合32536 合32557
X/1448,2404,2406,11,292.2-294.7,294.2,1,613,□(豊),17,294.2,無名組3;歷組4;何組1;無7;賓組2,合31047 合34612 合27460 合16085 合15818 合14625 合32536 合32557
X/1449,2411,2411,1,294.8-296.6,295.2,8,618,,1,295.4,賓組1,合18319,223,,1,295.5,賓組1,合66,1762,,3,295.6,賓組2;無1,合6878 合6877
X/1450,2412,2412,2,294.8-296.6,295.4,8,618,,1,295.4,賓組1,合18319,223,,1,295.5,賓組1,合66,1762,,3,295.6,賓組2;無1,合6878 合6877
X/1451,2413,2414,6,294.8-296.6,295.6,8,1762,,3,295.6,賓組2;無1,合6878 合6877,223,,1,295.5,賓組1,合66,1760,□,4,295.7,賓組2;何組1;無1,合8409 合27994 合4593 合9099
X/1452,2415,2415,4,294.8-296.6,295.8,8,1760,□,4,295.7,賓組2;何組1;無1,合8409 合27994 合4593 合9099,1762,,3,295.6,賓組2;無1,合6878 合6877,223,,1,295.5,賓組1,合66
X/1453,2416,2416,2,294.8-296.6,295.9,8,1763,,1,296.1,歷組1,合33086,1760,□,4,295.7,賓組2;何組1;無1,合8409 合27994 合4593 合9099,1767,,4,296.2,黃組3;出組1,合36842 合36587 合37556 合24256
X/1454,2417,2418,5,294.8-296.6,296.1,8,1763,,1,296.1,歷組1,合33086,1767,,4,296.2,黃組3;出組1,合36842 合36587 合37556 合24256,1760,□,4,295.7,賓組2;何組1;無1,合8409 合27994 合4593 合9099
X/1455,2419,2419,1,294.8-296.6,296.3,8,1767,,4,296.2,黃組3;出組1,合36842 合36587 合37556 合24256,1763,,1,296.1,歷組1,合33086,4551,□(虎),1,296.6,,
X/1456,2420,2420,1,294.8-296.6,296.5,8,4551,□(虎),1,296.6,,,4600,□(虎),1,296.6,無1,合10926,1767,,4,296.2,黃組3;出組1,合36842 合36587 合37556 合24256
X/1457,2434,2436,10,296.6-298.8,298.1,8,620,(),17,298.1,無8;何組4;無名組4;出組1,合33746 合27302 合26982 合26980 合26974 合26979 合26981,3452,,1,298.5,賓組1,合18187,3454,,1,298.5,賓組1,合4531
X/1458,2437,2437,1,296.6-298.8,298.4,8,3452,,1,298.5,賓組1,合18187,3454,,1,298.5,賓組1,合4531,622,,5,298.6,無名組2;無1;歷無名間1;何組1,合33363 合29320 合26900 合28350 合29323
X/1459,2438,2438,4,296.6-298.8,298.5,8,3452,,1,298.5,賓組1,合18187,3454,,1,298.5,賓組1,合4531,622,,5,298.6,無名組2;無1;歷無名間1;何組1,合33363 合29320 合26900 合28350 合29323
X/1460,2439,2440,7,296.6-298.8,298.6,8,622,,5,298.6,無名組2;無1;歷無名間1;何組1,合33363 合29320 合26900 合28350 合29323,3452,,1,298.5,賓組1,合18187,3454,,1,298.5,賓組1,合4531
X/1461,2443,2443,2,298.8-299.2,299.1,3,3589,□(皿),1,299.2,賓組1,合9811,3851,□(皿),1,299.2,賓組1,合13216,3852,□(皿),1,299.2,賓組1,合10964
X/1462,2488,2490,12,302.3-307.1,304.5,16,633,□(),20,304.4,賓組6;無11;子組1;何組1;無名組1,合10967 合10168 合14702 合17889 合28933 合21885 合31001 合26975,626,,1,304.7,賓組1,合18803,634,,18,305.1,無名組2;無名黃間1;何組3;無8;黃組3;賓組1,合29255 合29269 合28381 合29274 合30757 合37380 合37735 合37737
X/1463,2491,2491,3,302.3-307.1,304.8,16,626,,1,304.7,賓組1,合18803,634,,18,305.1,無名組2;無名黃間1;何組3;無8;黃組3;賓組1,合29255 合29269 合28381 合29274 合30757 合37380 合37735 合37737,633,□(),20,304.4,賓組6;無11;子組1;何組1;無名組1,合10967 合10168 合14702 合17889 合28933 合21885 合31001 合26975
X/1464,2492,2492,1,302.3-307.1,304.9,16,626,,1,304.7,賓組1,合18803,634,,18,305.1,無名組2;無名黃間1;何組3;無8;黃組3;賓組1,合29255 合29269 合28381 合29274 合30757 合37380 合37735 合37737,633,□(),20,304.4,賓組6;無11;子組1;何組1;無名組1,合10967 合10168 合14702 合17889 合28933 合21885 合31001 合26975
X/1465,2493,2493,1,302.3-307.1,305.0,16,634,,18,305.1,無名組2;無名黃間1;何組3;無8;黃組3;賓組1,合29255 合29269 合28381 合29274 合30757 合37380 合37735 合37737,626,,1,304.7,賓組1,合18803,636,,1,305.4,賓組1,合18534
X/1466,2494,2494,1,302.3-307.1,305.1,16,634,,18,305.1,無名組2;無名黃間1;何組3;無8;黃組3;賓組1,合29255 合29269 合28381 合29274 合30757 合37380 合37735 合37737,636,,1,305.4,賓組1,合18534,626,,1,304.7,賓組1,合18803
X/1467,2495,2497,10,302.3-307.1,305.3,16,636,,1,305.4,賓組1,合18534,634,,18,305.1,無名組2;無名黃間1;何組3;無8;黃組3;賓組1,合29255 合29269 合28381 合29274 合30757 合37380 合37735 合37737,635,,2,305.6,子組1;黃組1,合22507 合31813
X/1468,2498,2498,1,302.3-307.1,305.5,16,635,,2,305.6,子組1;黃組1,合22507 合31813,636,,1,305.4,賓組1,合18534,643,,1,305.7,黃組1,合36453
X/1469,2499,2499,2,302.3-307.1,305.6,16,635,,2,305.6,子組1;黃組1,合22507 合31813,643,,1,305.7,黃組1,合36453,636,,1,305.4,賓組1,合18534
X/1470,2500,2500,2,302.3-307.1,305.8,16,643,,1,305.7,黃組1,合36453,635,,2,305.6,子組1;黃組1,合22507 合31813,636,,1,305.4,賓組1,合18534
X/1471,2501,2501,1,302.3-307.1,305.9,16,643,,1,305.7,黃組1,合36453,635,,2,305.6,子組1;黃組1,合22507 合31813,641,,2,306.3,黃組2,合36631 合36769
X/1472,2502,2502,2,302.3-307.1,306.0,16,643,,1,305.7,黃組1,合36453,641,,2,306.3,黃組2,合36631 合36769,635,,2,305.6,子組1;黃組1,合22507 合31813
X/1473,2503,2503,1,302.3-307.1,306.1,16,641,,2,306.3,黃組2,合36631 合36769,640,,1,306.4,子組1,合22507,643,,1,305.7,黃組1,合36453
X/1474,2504,2506,10,302.3-307.1,306.3,16,641,,2,306.3,黃組2,合36631 合36769,640,,1,306.4,子組1,合22507,1796,,22,306.5,何組1;賓組8;無11;出組2,合31044 合12659 合17244 合14468反 合14520 合12659 合26859 合22616
X/1475,2507,2507,4,302.3-307.1,306.5,16,1796,,22,306.5,何組1;賓組8;無11;出組2,合31044 合12659 合17244 合14468反 合14520 合12659 合26859 合22616,640,,1,306.4,子組1,合22507,641,,2,306.3,黃組2,合36631 合36769
X/1476,2508,2511,13,302.3-307.1,306.8,16,1796,,22,306.5,何組1;賓組8;無11;出組2,合31044 合12659 合17244 合14468反 合14520 合12659 合26859 合22616,640,,1,306.4,子組1,合22507,641,,2,306.3,黃組2,合36631 合36769
X/1477,2547,2547,4,310.2-311.5,310.9,2,653,(),2,311.2,賓組2,合18679 合3358,655,□(□□),5,311.3,歷組2;賓組1;無1;何組1,合32043 合32879 合9498 合19503 合27937
X/1478,2548,2548,4,310.2-311.5,311.0,2,653,(),2,311.2,賓組2,合18679 合3358,655,□(□□),5,311.3,歷組2;賓組1;無1;何組1,合32043 合32879 合9498 合19503 合27937
X/1479,2549,2549,4,310.2-311.5,311.1,2,653,(),2,311.2,賓組2,合18679 合3358,655,□(□□),5,311.3,歷組2;賓組1;無1;何組1,合32043 合32879 合9498 合19503 合27937
X/1480,2550,2550,1,310.2-311.5,311.2,2,653,(),2,311.2,賓組2,合18679 合3358,655,□(□□),5,311.3,歷組2;賓組1;無1;何組1,合32043 合32879 合9498 合19503 合27937
X/1481,2551,2551,2,310.2-311.5,311.4,2,655,□(□□),5,311.3,歷組2;賓組1;無1;何組1,合32043 合32879 合9498 合19503 合27937,653,(),2,311.2,賓組2,合18679 合3358
X/1482,2560,2560,3,311.5-312.5,312.4,0
X/1483,2572,2578,25,312.5-315.1,314.4,2,659,(),1,314.8,黃組1,合36845,658,□(),1,313.5,歷組1,合32703
X/1484,2579,2579,1,312.5-315.1,315.0,2,659,(),1,314.8,黃組1,合36845,658,□(),1,313.5,歷組1,合32703
X/1485,2589,2596,29,315.1-316.1,315.8,0
X/1487,2602,2604,10,316.1-316.8,316.6,0
X/1492,2656,2656,4,323.5-329.4,323.9,9,677,□(射),41,323.8,無20;歷無名間1;歷組2;何組1;賓組12;無名組4;黃組1,合32027 合28350 合32886 合29355 合28363 合26907 合974 合5771,3909,□(矢),3,323.5,賓組2,合860 合69,678,□(侯□),26,325.1,無14;黃組2;賓組7;歷組1,合33072 合20058 合20062 合20014 合36525 合6457 合8656 合3333
X/1493,2664,2664,1,323.5-329.4,324.9,9,678,□(侯□),26,325.1,無14;黃組2;賓組7;歷組1,合33072 合20058 合20062 合20014 合36525 合6457 合8656 合3333,679,,2,325.7,賓組2,合17309 合18476,681,(),14,325.8,何組1;無2;無名組2;賓組7,合31767 合19544 合31804 合31805 合14215 合14218 合14211 合14212
X/1494,2671,2676,23,323.5-329.4,326.1,9,681,(),14,325.8,何組1;無2;無名組2;賓組7,合31767 合19544 合31804 合31805 合14215 合14218 合14211 合14212,679,,2,325.7,賓組2,合17309 合18476,3912,,8,326.7,無4;賓組4,合4796 合3148 合8398 合10673 合19221 合13737 合63 合35191
X/1495,2677,2678,5,323.5-329.4,326.6,9,3912,,8,326.7,無4;賓組4,合4796 合3148 合8398 合10673 合19221 合13737 合63 合35191,3982,,1,327.2,賓組1,合6057,681,(),14,325.8,何組1;無2;無名組2;賓組7,合31767 合19544 合31804 合31805 合14215 合14218 合14211 合14212
X/1496,2679,2681,10,323.5-329.4,326.9,9,3912,,8,326.7,無4;賓組4,合4796 合3148 合8398 合10673 合19221 合13737 合63 合35191,3982,,1,327.2,賓組1,合6057,682,□(高),21,327.5,無12;何組2;賓組2;黃組2;歷組3,合33138 合30465 合28140 合28144 合28143 合376反 合2359
X/1497,2682,2682,1,323.5-329.4,327.1,9,3982,,1,327.2,賓組1,合6057,682,□(高),21,327.5,無12;何組2;賓組2;黃組2;歷組3,合33138 合30465 合28140 合28144 合28143 合376反 合2359,3912,,8,326.7,無4;賓組4,合4796 合3148 合8398 合10673 合19221 合13737 合63 合35191
X/1498,2683,2683,1,323.5-329.4,327.3,9,3982,,1,327.2,賓組1,合6057,682,□(高),21,327.5,無12;何組2;賓組2;黃組2;歷組3,合33138 合30465 合28140 合28144 合28143 合376反 合2359,3912,,8,326.7,無4;賓組4,合4796 合3148 合8398 合10673 合19221 合13737 合63 合35191
X/1499,2684,2684,1,323.5-329.4,327.4,9,682,□(高),21,327.5,無12;何組2;賓組2;黃組2;歷組3,合33138 合30465 合28140 合28144 合28143 合376反 合2359,3982,,1,327.2,賓組1,合6057,3912,,8,326.7,無4;賓組4,合4796 合3148 合8398 合10673 合19221 合13737 合63 合35191
X/1500,2691,2695,17,323.5-329.4,328.5,9,4470,□(市),9,329.1,無名組6;何組2,合28751 合27641 合27202 合31120 合30131 合29015 合28754 合30646,682,□(高),21,327.5,無12;何組2;賓組2;黃組2;歷組3,合33138 合30465 合28140 合28144 合28143 合376反 合2359,3982,,1,327.2,賓組1,合6057
X/1501,2696,2696,1,323.5-329.4,328.9,9,4470,□(市),9,329.1,無名組6;何組2,合28751 合27641 合27202 合31120 合30131 合29015 合28754 合30646,682,□(高),21,327.5,無12;何組2;賓組2;黃組2;歷組3,合33138 合30465 合28140 合28144 合28143 合376反 合2359,3982,,1,327.2,賓組1,合6057
X/1502,2713,2713,1,330.7-333.5,331.1,7,688,□(享□),25,331.5,無15;賓組4;歷組3;黃組2,合18810反 合691 合16059 合961 合4632 合32262,689,□(□敦),38,331.8,賓組8;無16;出組1;無名組1;黃組6;歷組2,合7947 合7965 合7945 合6355 合12814 合6354 合6358 合1110,690,,1,332.7,賓組1,合18632
X/1503,2717,2717,4,330.7-333.5,331.7,7,689,□(□敦),38,331.8,賓組8;無16;出組1;無名組1;黃組6;歷組2,合7947 合7965 合7945 合6355 合12814 合6354 合6358 合1110,688,□(享□),25,331.5,無15;賓組4;歷組3;黃組2,合18810反 合691 合16059 合961 合4632 合32262,690,,1,332.7,賓組1,合18632
X/1504,2725,2725,1,330.7-333.5,332.8,7,690,,1,332.7,賓組1,合18632,692,,11,333.1,無5;黃組1;賓組5,合15690 合17143 合37662 合13911 合340 合8084 合36613 合37636,691,(),3,333.2,賓組2;無1,合9785 合12236 合9560
X/1505,2726,2726,1,330.7-333.5,332.9,7,692,,11,333.1,無5;黃組1;賓組5,合15690 合17143 合37662 合13911 合340 合8084 合36613 合37636,690,,1,332.7,賓組1,合18632,691,(),3,333.2,賓組2;無1,合9785 合12236 合9560
X/1506,2727,2728,7,330.7-333.5,333.1,7,692,,11,333.1,無5;黃組1;賓組5,合15690 合17143 合37662 合13911 合340 合8084 合36613 合37636,691,(),3,333.2,賓組2;無1,合9785 合12236 合9560,3936,,1,333.2,賓組1,合18634
X/1507,2731,2735,17,333.5-336.5,333.8,9,3979,□(良),18,333.8,出組1;無8;歷組2;賓組3;無名組1;午組1,合24472 合17528 合13936 合13936 合10302 合9810 合27527,694,□(□),1,333.6,何組1,合30948,695,□(□),12,334.4,無名組1;歷組2;無4;賓組5,合27978 合33236 合33237 合9636 合9642 合9638 合9637 合9644
X/1508,2737,2737,2,333.5-336.5,334.2,9,695,□(□),12,334.4,無名組1;歷組2;無4;賓組5,合27978 合33236 合33237 合9636 合9642 合9638 合9637 合9644,3979,□(良),18,333.8,出組1;無8;歷組2;賓組3;無名組1;午組1,合24472 合17528 合13936 合13936 合10302 合9810 合27527,694,□(□),1,333.6,何組1,合30948
X/1509,2742,2742,1,333.5-336.5,334.7,9,696,□(□),17,334.8,無2;賓組10;歷組1;子組1,合6938 合309 合15883 合6939 合9810反 合7875 合6057,803,□(鄙□),1,334.8,賓組1,合7875,3160,□(□),1,334.8,賓組1,合13757
X/1510,2750,2752,9,333.5-336.5,335.5,9,696,□(□),17,335.8,無2;賓組10;歷組1;子組1,合6938 合309 合15883 合6939 合9810反 合7875 合6057,696,□(□),17,334.8,無2;賓組10;歷組1;子組1,合6938 合309 合15883 合6939 合9810反 合7875 合6057,803,□(鄙□),1,334.8,賓組1,合7875
X/1511,2753,2754,8,333.5-336.5,335.8,9,696,□(□),17,335.8,無2;賓組10;歷組1;子組1,合6938 合309 合15883 合6939 合9810反 合7875 合6057,696,□(□),17,334.8,無2;賓組10;歷組1;子組1,合6938 合309 合15883 合6939 合9810反 合7875 合6057,803,□(鄙□),1,334.8,賓組1,合7875
X/1512,2755,2759,17,333.5-336.5,336.1,9,696,□(□),17,335.8,無2;賓組10;歷組1;子組1,合6938 合309 合15883 合6939 合9810反 合7875 合6057,696,□(□),17,334.8,無2;賓組10;歷組1;子組1,合6938 合309 合15883 合6939 合9810反 合7875 合6057,803,□(鄙□),1,334.8,賓組1,合7875
X/1513,2760,2760,1,333.5-336.5,336.4,9,696,□(□),17,335.8,無2;賓組10;歷組1;子組1,合6938 合309 合15883 合6939 合9810反 合7875 合6057,696,□(□),17,334.8,無2;賓組10;歷組1;子組1,合6938 合309 合15883 合6939 合9810反 合7875 合6057,803,□(鄙□),1,334.8,賓組1,合7875
X/1514,2778,2778,2,336.8-338.7,338.6,0
X/1515,2799,2799,2,340.3-341.5,341.4,1,706,,2,341.4,,
X/1516,2808,2808,1,341.5-343.1,342.9,0
X/1517,2817,2817,2,343.1-344.2,344.1,0
X/1518,2827,2827,1,344.2-344.3,344.3,0
X/1519,2828,2832,19,344.2-344.3,344.3,0
X/1520,2833,2834,7,344.2-344.3,344.3,0
X/1521,2926,2926,1,351.2-354.8,352.1,7,342,□(埶),38,352.4,無23;歷無名間2;何組7;賓組1;出組1;歷組1;無名組2,合15355 合27340 合21850 合31278 合27436 合28809 合27950,742,梌,21,352.5,無12;無名組1;賓組1;黃組6;出組1,合28946 合28925 合28915 合37619 合7936 合37627 合37626 合37494,750,,1,353.3,賓組1,合18416
X/1522,2927,2927,1,351.2-354.8,352.3,7,342,□(埶),38,352.4,無23;歷無名間2;何組7;賓組1;出組1;歷組1;無名組2,合15355 合27340 合21850 合31278 合27436 合28809 合27950,742,梌,21,352.5,無12;無名組1;賓組1;黃組6;出組1,合28946 合28925 合28915 合37619 合7936 合37627 合37626 合37494,750,,1,353.3,賓組1,合18416
X/1523,2928,2929,6,351.2-354.8,352.6,7,742,梌,21,352.5,無12;無名組1;賓組1;黃組6;出組1,合28946 合28925 合28915 合37619 合7936 合37627 合37626 合37494,342,□(埶),38,352.4,無23;歷無名間2;何組7;賓組1;出組1;歷組1;無名組2,合15355 合27340 合21850 合31278 合27436 合28809 合27950,750,,1,353.3,賓組1,合18416
X/1524,2930,2930,4,351.2-354.8,352.9,7,750,,1,353.3,賓組1,合18416,742,梌,21,352.5,無12;無名組1;賓組1;黃組6;出組1,合28946 合28925 合28915 合37619 合7936 合37627 合37626 合37494,743,(),1,353.4,無名組1,合31139
X/1525,2931,2931,1,351.2-354.8,353.1,7,750,,1,353.3,賓組1,合18416,743,(),1,353.4,無名組1,合31139,1769,,8,353.5,賓組5;無3,合8293 合14346 合14710 合3190 合18378
X/1526,2932,2932,2,351.2-354.8,353.3,7,750,,1,353.3,賓組1,合18416,743,(),1,353.4,無名組1,合31139,1769,,8,353.5,賓組5;無3,合8293 合14346 合14710 合3190 合18378
X/1527,2933,2933,1,351.2-354.8,353.5,7,1769,,8,353.5,賓組5;無3,合8293 合14346 合14710 合3190 合18378,743,(),1,353.4,無名組1,合31139,750,,1,353.3,賓組1,合18416
X/1528,2934,2934,1,351.2-354.8,353.7,7,741,,4,353.7,黃組1;賓組3,合36831 合17525 合8995 合17526,749,,1,353.8,賓組1,合4164,1769,,8,353.5,賓組5;無3,合8293 合14346 合14710 合3190 合18378
X/1529,2935,2935,3,351.2-354.8,353.9,7,749,,1,353.8,賓組1,合4164,741,,4,353.7,黃組1;賓組3,合36831 合17525 合8995 合17526,1769,,8,353.5,賓組5;無3,合8293 合14346 合14710 合3190 合18378
X/1530,2936,2936,2,351.2-354.8,354.0,7,749,,1,353.8,賓組1,合4164,741,,4,353.7,黃組1;賓組3,合36831 合17525 合8995 合17526,1769,,8,353.5,賓組5;無3,合8293 合14346 合14710 合3190 合18378
X/1531,2937,2937,1,351.2-354.8,354.2,7,749,,1,353.8,賓組1,合4164,741,,4,353.7,黃組1;賓組3,合36831 合17525 合8995 合17526,1769,,8,353.5,賓組5;無3,合8293 合14346 合14710 合3190 合18378
X/1532,2938,2938,2,351.2-354.8,354.4,7,749,,1,353.8,賓組1,合4164,741,,4,353.7,黃組1;賓組3,合36831 合17525 合8995 合17526,1769,,8,353.5,賓組5;無3,合8293 合14346 合14710 合3190 合18378
X/1533,2939,2939,1,351.2-354.8,354.6,7,749,,1,353.8,賓組1,合4164,741,,4,353.7,黃組1;賓組3,合36831 合17525 合8995 合17526,1769,,8,353.5,賓組5;無3,合8293 合14346 合14710 合3190 合18378
X/1534,2948,2949,6,354.8-356.2,356.0,2,338,,2,355.8,組1,合20576,755,□(□),1,355.7,賓組1,合6942
X/1535,2960,2960,4,357.1-359.5,357.2,7,766,,5,357.2,黃組4;無1,合36537 合36965 合36820 合41756 合36819,765,(),2,357.3,賓組2,合7907 合7906,760,,1,357.6,無名組1,合27978
X/1536,2961,2961,3,357.1-359.5,357.4,7,765,(),2,357.3,賓組2,合7907 合7906,766,,5,357.2,黃組4;無1,合36537 合36965 合36820 合41756 合36819,760,,1,357.6,無名組1,合27978
X/1537,2962,2962,1,357.1-359.5,357.5,7,760,,1,357.6,無名組1,合27978,765,(),2,357.3,賓組2,合7907 合7906,766,,5,357.2,黃組4;無1,合36537 合36965 合36820 合41756 合36819
X/1538,2963,2964,5,357.1-359.5,357.7,7,760,,1,357.6,無名組1,合27978,762,,2,358.1,賓組1;無1,合13536 合40748,765,(),2,357.3,賓組2,合7907 合7906
X/1539,2965,2965,1,357.1-359.5,357.9,7,762,,2,358.1,賓組1;無1,合13536 合40748,760,,1,357.6,無名組1,合27978,761,,3,358.4,無名組2;無1,合29255 合33517 合31800
X/1540,2966,2966,1,357.1-359.5,358.0,7,762,,2,358.1,賓組1;無1,合13536 合40748,761,,3,358.4,無名組2;無1,合29255 合33517 合31800,760,,1,357.6,無名組1,合27978
X/1541,2967,2967,1,357.1-359.5,358.2,7,762,,2,358.1,賓組1;無1,合13536 合40748,761,,3,358.4,無名組2;無1,合29255 合33517 合31800,1444,□(婪),1,358.7,賓組1,合10298
X/1542,2968,2968,2,357.1-359.5,358.3,7,761,,3,358.4,無名組2;無1,合29255 合33517 合31800,762,,2,358.1,賓組1;無1,合13536 合40748,1444,□(婪),1,358.7,賓組1,合10298
X/1543,2969,2970,5,357.1-359.5,358.5,7,761,,3,358.4,無名組2;無1,合29255 合33517 合31800,1444,□(婪),1,358.7,賓組1,合10298,762,,2,358.1,賓組1;無1,合13536 合40748
X/1544,2971,2971,1,357.1-359.5,358.7,7,1444,□(婪),1,358.7,賓組1,合10298,761,,3,358.4,無名組2;無1,合29255 合33517 合31800,762,,2,358.1,賓組1;無1,合13536 合40748
X/1545,2972,2972,1,357.1-359.5,358.8,7,1444,□(婪),1,358.7,賓組1,合10298,761,,3,358.4,無名組2;無1,合29255 合33517 合31800,4082,□(才),6,359.5,無4;賓組2,合19489 合15239 合5824 合376
X/1546,2973,2976,15,357.1-359.5,359.2,7,4082,□(才),6,359.5,無4;賓組2,合19489 合15239 合5824 合376,1444,□(婪),1,358.7,賓組1,合10298,761,,3,358.4,無名組2;無1,合29255 合33517 合31800
X/1547,3032,3032,1,366.5-366.8,366.6,0
X/1548,3033,3033,1,366.5-366.8,366.6,0
X/1549,3034,3034,3,366.5-366.8,366.6,0
X/1550,3035,3035,1,366.5-366.8,366.6,0
X/1551,3036,3036,4,366.5-366.8,366.7,0
X/1552,3037,3039,12,366.5-366.8,366.7,0
X/1553,3050,3050,4,367.3-368.3,368.2,1,4086,□(南),1,367.3,賓組1,合13648
X/1554,3078,3081,13,371.2-371.6,371.3,6,303,(),4,371.3,賓組1;歷組2;無1,合16962 合32884 合34579,3418,,1,371.3,賓組1,合16208反,781,,4,371.5,子組4,合21782 合21782 合21782 合21780
X/1555,3082,3082,4,371.2-371.6,371.4,6,781,,4,371.5,子組4,合21782 合21782 合21782 合21780,303,(),4,371.3,賓組1;歷組2;無1,合16962 合32884 合34579,3418,,1,371.3,賓組1,合16208反
X/1556,3083,3084,6,371.2-371.6,371.5,6,781,,4,371.5,子組4,合21782 合21782 合21782 合21780,4049,□(橐),5,371.6,賓組4;無1,合1825 合9425 合9424 合9422 合9423,4050,□(橐),3,371.6,無2;賓組1,合40066 合9430
X/1557,3085,3085,1,371.2-371.6,371.6,6,4049,□(橐),5,371.6,賓組4;無1,合1825 合9425 合9424 合9422 合9423,4050,□(橐),3,371.6,無2;賓組1,合40066 合9430,4051,□(橐),4,371.6,賓組2;無2,合9419 合9420 合9421
X/1558,3093,3093,1,371.6-372.8,372.5,3,4049,□(橐),5,371.6,賓組4;無1,合1825 合9425 合9424 合9422 合9423,4050,□(橐),3,371.6,無2;賓組1,合40066 合9430,4051,□(橐),4,371.6,賓組2;無2,合9419 合9420 合9421
X/1559,3094,3094,4,371.6-372.8,372.7,3,4049,□(橐),5,371.6,賓組4;無1,合1825 合9425 合9424 合9422 合9423,4050,□(橐),3,371.6,無2;賓組1,合40066 合9430,4051,□(橐),4,371.6,賓組2;無2,合9419 合9420 合9421
X/1560,3112,3112,3,374.7-375.4,375.0,2,789,,2,375.1,賓組1;無1,合19956 合21302,790,囡,1,375.2,賓組1,合8820
X/1561,3113,3113,1,374.7-375.4,375.1,2,789,,2,375.1,賓組1;無1,合19956 合21302,790,囡,1,375.2,賓組1,合8820
X/1562,3114,3114,1,374.7-375.4,375.3,2,790,囡,1,375.2,賓組1,合8820,789,,2,375.1,賓組1;無1,合19956 合21302
X/1563,3153,3153,2,379.1-380.4,379.2,2,1617,,2,379.2,賓組1;子組1,合5624 合21775,800,朋,14,380.1,無名組1;賓組3;出組1;無6;子組1,合29694 合14735 合24951 合6903 合11438 合17394 合34562
X/1564,3154,3157,15,379.1-380.4,379.6,2,1617,,2,379.2,賓組1;子組1,合5624 合21775,800,朋,14,380.1,無名組1;賓組3;出組1;無6;子組1,合29694 合14735 合24951 合6903 合11438 合17394 合34562
X/1565,3158,3158,1,379.1-380.4,380.0,2,800,朋,14,380.1,無名組1;賓組3;出組1;無6;子組1,合29694 合14735 合24951 合6903 合11438 合17394 合34562,1617,,2,379.2,賓組1;子組1,合5624 合21775
X/1566,3159,3159,2,379.1-380.4,380.1,2,800,朋,14,380.1,無名組1;賓組3;出組1;無6;子組1,合29694 合14735 合24951 合6903 合11438 合17394 合34562,1617,,2,379.2,賓組1;子組1,合5624 合21775
X/1567,3160,3160,1,379.1-380.4,380.3,2,800,朋,14,380.1,無名組1;賓組3;出組1;無6;子組1,合29694 合14735 合24951 合6903 合11438 合17394 合34562,1617,,2,379.2,賓組1;子組1,合5624 合21775
X/1569,3219,3220,6,386.4-388.6,387.1,5,3523,□(督),1,386.8,無1,合30893,4120,□(督),1,386.8,無1,合30894,4126,□(督),4,386.8,無1;何組2;無名組1,合31215 合30767 合30599 合30365
X/1570,3221,3221,2,386.4-388.6,387.3,5,1805,,1,387.6,賓組1,合4510,3523,□(督),1,386.8,無1,合30893,4120,□(督),1,386.8,無1,合30894
X/1571,3222,3222,1,386.4-388.6,387.5,5,1805,,1,387.6,賓組1,合4510,3523,□(督),1,386.8,無1,合30893,4120,□(督),1,386.8,無1,合30894
X/1572,3223,3223,2,386.4-388.6,387.7,5,1805,,1,387.6,賓組1,合4510,1746,,6,388.3,賓組3;無3,合9817 合1506 合10122 合40106 合18971,3523,□(督),1,386.8,無1,合30893
X/1573,3224,3224,2,386.4-388.6,387.8,5,1805,,1,387.6,賓組1,合4510,1746,,6,388.3,賓組3;無3,合9817 合1506 合10122 合40106 合18971,3523,□(督),1,386.8,無1,合30893
X/1574,3225,3225,1,386.4-388.6,388.0,5,1746,,6,388.3,賓組3;無3,合9817 合1506 合10122 合40106 合18971,1805,,1,387.6,賓組1,合4510,3523,□(督),1,386.8,無1,合30893
X/1575,3226,3228,10,386.4-388.6,388.3,5,1746,,6,388.3,賓組3;無3,合9817 合1506 合10122 合40106 合18971,1805,,1,387.6,賓組1,合4510,3523,□(督),1,386.8,無1,合30893
X/1576,3248,3250,12,390.6-393.7,391.1,9,825,□(游斿),19,391.2,無11;何組2;賓組2;黃組1;無名組3,合29220 合29224 合28809 合29217 合29245 合27459 合17804 合5079,830,,1,391.5,無1,合303,831,,1,391.6,何組1,合28011
X/1577,3251,3251,2,390.6-393.7,391.3,9,825,□(游斿),19,391.2,無11;何組2;賓組2;黃組1;無名組3,合29220 合29224 合28809 合29217 合29245 合27459 合17804 合5079,830,,1,391.5,無1,合303,831,,1,391.6,何組1,合28011
X/1578,3252,3252,3,390.6-393.7,391.5,9,830,,1,391.5,無1,合303,831,,1,391.6,何組1,合28011,825,□(游斿),19,391.2,無11;何組2;賓組2;黃組1;無名組3,合29220 合29224 合28809 合29217 合29245 合27459 合17804 合5079
X/1579,3253,3253,2,390.6-393.7,391.6,9,831,,1,391.6,何組1,合28011,830,,1,391.5,無1,合303,829,(),1,391.8,,
X/1580,3254,3254,1,390.6-393.7,391.7,9,831,,1,391.6,何組1,合28011,829,(),1,391.8,,,830,,1,391.5,無1,合303
X/1581,3255,3255,1,390.6-393.7,391.8,9,829,(),1,391.8,,,831,,1,391.6,何組1,合28011,830,,1,391.5,無1,合303
X/1582,3256,3261,22,390.6-393.7,392.1,9,4111,,2,392.2,無1;賓組1,合588,834,,15,392.3,賓組13;無2,合5447 合5447 合4384 合5446 合5446 合267 合10964 合5447,829,(),1,391.8,,
X/1583,3262,3262,1,390.6-393.7,392.5,9,523,,1,392.7,賓組1,合18327,834,,15,392.3,賓組13;無2,合5447 合5447 合4384 合5446 合5446 合267 合10964 合5447,832,,1,392.8,黃組1,合39419
X/1584,3263,3263,1,390.6-393.7,392.6,9,523,,1,392.7,賓組1,合18327,832,,1,392.8,黃組1,合39419,834,,15,392.3,賓組13;無2,合5447 合5447 合4384 合5446 合5446 合267 合10964 合5447
X/1585,3264,3264,2,390.6-393.7,392.7,9,523,,1,392.7,賓組1,合18327,832,,1,392.8,黃組1,合39419,834,,15,392.3,賓組13;無2,合5447 合5447 合4384 合5446 合5446 合267 合10964 合5447
X/1586,3265,3265,2,390.6-393.7,392.8,9,832,,1,392.8,黃組1,合39419,523,,1,392.7,賓組1,合18327,834,,15,392.3,賓組13;無2,合5447 合5447 合4384 合5446 合5446 合267 合10964 合5447
X/1587,3266,3266,1,390.6-393.7,393.0,9,832,,1,392.8,黃組1,合39419,523,,1,392.7,賓組1,合18327,834,,15,392.3,賓組13;無2,合5447 合5447 合4384 合5446 合5446 合267 合10964 合5447
X/1588,3267,3267,2,390.6-393.7,393.1,9,832,,1,392.8,黃組1,合39419,523,,1,392.7,賓組1,合18327,3339,□(晶),2,393.7,賓組2,合18648 合16124
X/1589,3268,3268,3,390.6-393.7,393.2,9,832,,1,392.8,黃組1,合39419,523,,1,392.7,賓組1,合18327,3339,□(晶),2,393.7,賓組2,合18648 合16124
X/1590,3295,3295,1,397.2-399.6,397.3,7,4135,,1,397.5,賓組1,合13751,4142,,1,397.6,,,839,□(有又□),36,397.7,無名組1;無16;賓組12,合30391 合16951 合11485 合501 合11497 合11497反 合18902 合2677
X/1591,3296,3296,2,397.2-399.6,397.5,7,4135,,1,397.5,賓組1,合13751,4142,,1,397.6,,,839,□(有又□),36,397.7,無名組1;無16;賓組12,合30391 合16951 合11485 合501 合11497 合11497反 合18902 合2677
X/1592,3297,3297,3,397.2-399.6,397.6,7,4142,,1,397.6,,,839,□(有又□),36,397.7,無名組1;無16;賓組12,合30391 合16951 合11485 合501 合11497 合11497反 合18902 合2677,4135,,1,397.5,賓組1,合13751
X/1593,3298,3303,24,397.2-399.6,398.1,7,839,□(有又□),36,397.7,無名組1;無16;賓組12,合30391 合16951 合11485 合501 合11497 合11497反 合18902 合2677,386,,5,398.5,無2;賓組3,合19917 合6057 合137 合4547,4142,,1,397.6,,
X/1594,3304,3305,6,397.2-399.6,398.6,7,840,□(),3,398.7,賓組2;無1,合9773 合4930 合19966,386,,5,398.5,無2;賓組3,合19917 合6057 合137 合4547,841,□(明),24,398.8,賓組16;無4;午組1,合2223 合11708 合19608 合102 合19607 合22193 合7075 合11506反
X/1595,3315,3315,4,399.6-404.7,399.9,5,844,,3,400.1,賓組2,合18714 合18715,845,□(夕),44,400.2,無名組1;歷組3;無23;何組2;賓組10;出組2;黃組3,合30014 合33696 合31647 合29942 合26907 合21815 合11259反,962,□(□夢),31,401.6,歷組1;午組1;賓組9;子組3;無17,合32212 合22187 合17399 合21384 合21623 合22145 合17451 合21534
X/1597,3335,3335,4,399.6-404.7,402.3,5,847,□(外),1,402.7,無1,合35570,848,□(夙),12,402.8,無3;賓組2;歷組1;無名組3,合25419 合529 合32485 合26897 合15356 合40497 合27915,962,□(□夢),31,401.6,歷組1;午組1;賓組9;子組3;無17,合32212 合22187 合17399 合21384 合21623 合22145 合17451 合21534
X/1599,3351,3352,5,399.6-404.7,404.2,5,848,□(夙),12,402.8,無3;賓組2;歷組1;無名組3,合25419 合529 合32485 合26897 合15356 合40497 合27915,847,□(外),1,402.7,無1,合35570,962,□(□夢),31,401.6,歷組1;午組1;賓組9;子組3;無17,合32212 合22187 合17399 合21384 合21623 合22145 合17451 合21534
X/1600,3353,3354,5,399.6-404.7,404.4,5,848,□(夙),12,402.8,無3;賓組2;歷組1;無名組3,合25419 合529 合32485 合26897 合15356 合40497 合27915,847,□(外),1,402.7,無1,合35570,962,□(□夢),31,401.6,歷組1;午組1;賓組9;子組3;無17,合32212 合22187 合17399 合21384 合21623 合22145 合17451 合21534
X/1601,3355,3355,4,399.6-404.7,404.6,5,848,□(夙),12,402.8,無3;賓組2;歷組1;無名組3,合25419 合529 合32485 合26897 合15356 合40497 合27915,847,□(外),1,402.7,無1,合35570,962,□(□夢),31,401.6,歷組1;午組1;賓組9;子組3;無17,合32212 合22187 合17399 合21384 合21623 合22145 合17451 合21534
X/1602,3372,3372,2,404.7-408.6,407.1,10,572,□(),1,406.8,無名組1,合30392,3037,□(),5,406.8,賓組4;無名組1,合346 合30393 合4240 合5478 合5479,852,卣(□□),23,407.5,賓組6;無6;黃組2;何組1;無名組3,合13712 合20071 合13656 合14128 合36524 合14128 合11846
X/1603,3373,3373,1,404.7-408.6,407.2,10,852,卣(□□),23,407.5,賓組6;無6;黃組2;何組1;無名組3,合13712 合20071 合13656 合14128 合36524 合14128 合11846,572,□(),1,406.8,無名組1,合30392,3037,□(),5,406.8,賓組4;無名組1,合346 合30393 合4240 合5478 合5479
X/1604,3376,3376,3,404.7-408.6,407.7,10,853,□(栗),5,407.7,黃組2;無1;賓組1,合36902 合36745 合3035 合5477,1797,,4,407.8,子組2;賓組1;出組1,合21849 合2832 合21873 合22787,852,卣(□□),23,407.5,賓組6;無6;黃組2;何組1;無名組3,合13712 合20071 合13656 合14128 合36524 合14128 合11846
X/1605,3377,3377,2,404.7-408.6,407.9,10,1797,,4,407.8,子組2;賓組1;出組1,合21849 合2832 合21873 合22787,853,□(栗),5,407.7,黃組2;無1;賓組1,合36902 合36745 合3035 合5477,1798,,3,408.1,無1;賓組1;子組1,合13663 合21703
X/1606,3379,3380,6,404.7-408.6,408.2,10,852,卣(□□),23,408.2,賓組6;無6;黃組2;何組1;無名組3,合13712 合20071 合13656 合14128 合36524 合14128 合11846,1798,,3,408.1,無1;賓組1;子組1,合13663 合21703,1797,,4,407.8,子組2;賓組1;出組1,合21849 合2832 合21873 合22787
X/1608,3381,3381,2,404.7-408.6,408.5,10,852,卣(□□),23,408.2,賓組6;無6;黃組2;何組1;無名組3,合13712 合20071 合13656 合14128 合36524 合14128 合11846,1798,,3,408.1,無1;賓組1;子組1,合13663 合21703,1797,,4,407.8,子組2;賓組1;出組1,合21849 合2832 合21873 合22787
X/1610,3391,3392,8,408.8-410.4,409.7,11,857,爿,10,409.6,無5;賓組3;黃組1;歷組1,合2585 合43 合21574 合14576 合22238 合36969 合9378,4107,□(棗),2,409.5,賓組2,合17444 合17445,863,,2,410.1,賓組1;無1,合3194
X/1611,3393,3395,12,408.8-410.4,409.9,11,863,,2,410.1,賓組1;無1,合3194,857,爿,10,409.6,無5;賓組3;黃組1;歷組1,合2585 合43 合21574 合14576 合22238 合36969 合9378,4107,□(棗),2,409.5,賓組2,合17444 合17445
X/1612,3396,3396,1,408.8-410.4,410.2,11,863,,2,410.1,賓組1;無1,合3194,857,爿,10,409.6,無5;賓組3;黃組1;歷組1,合2585 合43 合21574 合14576 合22238 合36969 合9378,4107,□(棗),2,409.5,賓組2,合17444 合17445
X/1613,3397,3397,1,408.8-410.4,410.3,11,863,,2,410.1,賓組1;無1,合3194,857,爿,10,409.6,無5;賓組3;黃組1;歷組1,合2585 合43 合21574 合14576 合22238 合36969 合9378,4107,□(棗),2,409.5,賓組2,合17444 合17445
X/1615,3402,3402,1,410.4-411.4,411.0,2,868,,1,410.8,賓組1,合14948,866,,1,411.2,午組1,合22091
X/1616,3403,3403,3,410.4-411.4,411.1,2,866,,1,411.2,午組1,合22091,868,,1,410.8,賓組1,合14948
X/1617,3404,3404,2,410.4-411.4,411.3,2,866,,1,411.2,午組1,合22091,868,,1,410.8,賓組1,合14948
X/1618,3460,3460,2,416.4-419.3,418.2,4,885,,2,418.2,賓組1;無1,合9730 合40098,884,,2,418.1,無2,,1203,□(秋),7,418.3,子組1;何組1;無3;無名組1;歷組1,合22196 合28001 合33166 合29715 合27936 合32968
X/1619,3470,3470,3,419.3-420.5,419.6,5,882,,4,419.6,無2;黃組2,合37541 合37495 合37409,881,,1,419.5,歷組1,合34474,886,□(秝),2,420.2,賓組1;無1,合17612
X/1620,3471,3471,4,419.3-420.5,419.8,5,882,,4,419.6,無2;黃組2,合37541 合37495 合37409,881,,1,419.5,歷組1,合34474,886,□(秝),2,420.2,賓組1;無1,合17612
X/1621,3472,3472,1,419.3-420.5,420.0,5,886,□(秝),2,420.2,賓組1;無1,合17612,887,,1,420.3,賓組1,合4532,882,,4,419.6,無2;黃組2,合37541 合37495 合37409
X/1622,3473,3473,1,419.3-420.5,420.2,5,886,□(秝),2,420.2,賓組1;無1,合17612,887,,1,420.3,賓組1,合4532,888,(),3,420.4,賓組1;無名組1,合19223 合31228
X/1623,3474,3474,3,419.3-420.5,420.3,5,887,,1,420.3,賓組1,合4532,888,(),3,420.4,賓組1;無名組1,合19223 合31228,886,□(秝),2,420.2,賓組1;無1,合17612
X/1624,3487,3487,1,420.5-422.1,422.0,0
X/1625,3495,3495,4,422.3-423.3,422.9,2,891,□(),15,422.6,賓組7;無6;出組1,合11006 合10049 合10046 合10053 合10047 合10054 合10051 合10045,3383,□(舂),1,423.3,賓組1,合17078
X/1626,3496,3496,4,422.3-423.3,423.1,2,3383,□(舂),1,423.3,賓組1,合17078,891,□(),15,422.6,賓組7;無6;出組1,合11006 合10049 合10046 合10053 合10047 合10054 合10051 合10045
X/1627,3497,3497,1,422.3-423.3,423.2,2,3383,□(舂),1,423.3,賓組1,合17078,891,□(),15,422.6,賓組7;無6;出組1,合11006 合10049 合10046 合10053 合10047 合10054 合10051 合10045
X/1628,3500,3500,1,423.3-423.8,423.4,2,893,□(□),1,423.5,賓組1,合15664,3383,□(舂),1,423.3,賓組1,合17078
X/1629,3572,3572,1,432.3-432.8,432.7,2,1776,,2,432.7,無1;賓組1,合18613 合5990,911,□(),1,432.6,賓組1,合5991
X/1630,3579,3579,3,432.8-442.5,433.5,31,947,(廳),23,433.7,歷組2;賓組5;無名組4;出組2;黃組1;無9,合30294 合383 合31045 合24402 合26830 合37468 合34070 合9267反,949,□(賓),8,434.5,無3;賓組5,合3158 合905 合905 合3333 合3159 合3160 合18610 合39968,916,,3,435.4,何組1;無名組1;賓組1,合29368 合28408 合3940
X/1631,3580,3584,20,432.8-442.5,433.9,31,947,(廳),23,433.7,歷組2;賓組5;無名組4;出組2;黃組1;無9,合30294 合383 合31045 合24402 合26830 合37468 合34070 合9267反,949,□(賓),8,434.5,無3;賓組5,合3158 合905 合905 合3333 合3159 合3160 合18610 合39968,916,,3,435.4,何組1;無名組1;賓組1,合29368 合28408 合3940
X/1632,3585,3585,1,432.8-442.5,434.2,31,949,□(賓),8,434.5,無3;賓組5,合3158 合905 合905 合3333 合3159 合3160 合18610 合39968,947,(廳),23,433.7,歷組2;賓組5;無名組4;出組2;黃組1;無9,合30294 合383 合31045 合24402 合26830 合37468 合34070 合9267反,916,,3,435.4,何組1;無名組1;賓組1,合29368 合28408 合3940
X/1633,3586,3586,2,432.8-442.5,434.3,31,949,□(賓),8,434.5,無3;賓組5,合3158 合905 合905 合3333 合3159 合3160 合18610 合39968,947,(廳),23,433.7,歷組2;賓組5;無名組4;出組2;黃組1;無9,合30294 合383 合31045 合24402 合26830 合37468 合34070 合9267反,916,,3,435.4,何組1;無名組1;賓組1,合29368 合28408 合3940
X/1634,3587,3587,1,432.8-442.5,434.4,31,949,□(賓),8,434.5,無3;賓組5,合3158 合905 合905 合3333 合3159 合3160 合18610 合39968,947,(廳),23,433.7,歷組2;賓組5;無名組4;出組2;黃組1;無9,合30294 合383 合31045 合24402 合26830 合37468 合34070 合9267反,916,,3,435.4,何組1;無名組1;賓組1,合29368 合28408 合3940
X/1635,3588,3588,4,432.8-442.5,434.6,31,949,□(賓),8,434.5,無3;賓組5,合3158 合905 合905 合3333 合3159 合3160 合18610 合39968,916,,3,435.4,何組1;無名組1;賓組1,合29368 合28408 合3940,947,(廳),23,433.7,歷組2;賓組5;無名組4;出組2;黃組1;無9,合30294 合383 合31045 合24402 合26830 合37468 合34070 合9267反
X/1636,3589,3589,4,432.8-442.5,434.7,31,949,□(賓),8,434.5,無3;賓組5,合3158 合905 合905 合3333 合3159 合3160 合18610 合39968,916,,3,435.4,何組1;無名組1;賓組1,合29368 合28408 合3940,1467,嬣,1,435.6,無1,合14066
X/1637,3590,3590,3,432.8-442.5,434.8,31,949,□(賓),8,434.5,無3;賓組5,合3158 合905 合905 合3333 合3159 合3160 合18610 合39968,916,,3,435.4,何組1;無名組1;賓組1,合29368 合28408 合3940,1467,嬣,1,435.6,無1,合14066
X/1638,3591,3591,2,432.8-442.5,434.9,31,949,□(賓),8,434.5,無3;賓組5,合3158 合905 合905 合3333 合3159 合3160 合18610 合39968,916,,3,435.4,何組1;無名組1;賓組1,合29368 合28408 合3940,1467,嬣,1,435.6,無1,合14066
X/1639,3592,3592,2,432.8-442.5,435.0,31,916,,3,435.4,何組1;無名組1;賓組1,合29368 合28408 合3940,949,□(賓),8,434.5,無3;賓組5,合3158 合905 合905 合3333 合3159 合3160 合18610 合39968,1467,嬣,1,435.6,無1,合14066
X/1640,3593,3593,1,432.8-442.5,435.1,31,916,,3,435.4,何組1;無名組1;賓組1,合29368 合28408 合3940,1467,嬣,1,435.6,無1,合14066,4194,,2,435.7,午組2,合22050 合22103
X/1641,3594,3594,1,432.8-442.5,435.3,31,916,,3,435.4,何組1;無名組1;賓組1,合29368 合28408 合3940,1467,嬣,1,435.6,無1,合14066,4194,,2,435.7,午組2,合22050 合22103
X/1642,3595,3598,14,432.8-442.5,435.5,31,1467,嬣,1,435.6,無1,合14066,916,,3,435.4,何組1;無名組1;賓組1,合29368 合28408 合3940,4194,,2,435.7,午組2,合22050 合22103
X/1643,3599,3599,4,432.8-442.5,435.8,31,4194,,2,435.7,午組2,合22050 合22103,1467,嬣,1,435.6,無1,合14066,919,,2,436.1,無2,合9360 合9360
X/1644,3600,3600,2,432.8-442.5,436.0,31,919,,2,436.1,無2,合9360 合9360,956,,11,436.2,無名組4;無4;黃組2,合29255 合29265 合31911 合37468 合37379 合29250 合4235 合33378,4172,,1,436.2,無1,
X/1645,3601,3601,3,432.8-442.5,436.1,31,919,,2,436.1,無2,合9360 合9360,956,,11,436.2,無名組4;無4;黃組2,合29255 合29265 合31911 合37468 合37379 合29250 合4235 合33378,4172,,1,436.2,無1,
X/1646,3602,3602,2,432.8-442.5,436.2,31,956,,11,436.2,無名組4;無4;黃組2,合29255 合29265 合31911 合37468 合37379 合29250 合4235 合33378,4172,,1,436.2,無1,,919,,2,436.1,無2,合9360 合9360
X/1647,3603,3603,2,432.8-442.5,436.3,31,956,,11,436.2,無名組4;無4;黃組2,合29255 合29265 合31911 合37468 合37379 合29250 合4235 合33378,4172,,1,436.2,無1,,919,,2,436.1,無2,合9360 合9360
X/1648,3604,3604,2,432.8-442.5,436.4,31,956,,11,436.2,無名組4;無4;黃組2,合29255 合29265 合31911 合37468 合37379 合29250 合4235 合33378,4172,,1,436.2,無1,,924,(),2,436.7,賓組2,合849 合9491
X/1649,3605,3605,3,432.8-442.5,436.5,31,924,(),2,436.7,賓組2,合849 合9491,922,□,2,436.8,歷組1;無名組1,合34676 合30386,956,,11,436.2,無名組4;無4;黃組2,合29255 合29265 合31911 合37468 合37379 合29250 合4235 合33378
X/1650,3606,3606,2,432.8-442.5,436.7,31,924,(),2,436.7,賓組2,合849 合9491,922,□,2,436.8,歷組1;無名組1,合34676 合30386,3613,,1,437.1,無1,合18170
X/1651,3607,3607,1,432.8-442.5,436.8,31,922,□,2,436.8,歷組1;無名組1,合34676 合30386,924,(),2,436.7,賓組2,合849 合9491,3613,,1,437.1,無1,合18170
X/1652,3608,3608,1,432.8-442.5,436.9,31,922,□,2,436.8,歷組1;無名組1,合34676 合30386,924,(),2,436.7,賓組2,合849 合9491,3613,,1,437.1,無1,合18170
X/1653,3609,3609,2,432.8-442.5,437.0,31,3613,,1,437.1,無1,合18170,923,,2,437.2,無名黃間2,合36909 合36909,922,□,2,436.8,歷組1;無名組1,合34676 合30386
X/1654,3610,3610,1,432.8-442.5,437.1,31,3613,,1,437.1,無1,合18170,923,,2,437.2,無名黃間2,合36909 合36909,945,,1,437.3,賓組1,合16271
X/1655,3611,3611,1,432.8-442.5,437.2,31,923,,2,437.2,無名黃間2,合36909 合36909,945,,1,437.3,賓組1,合16271,3613,,1,437.1,無1,合18170
X/1656,3612,3612,1,432.8-442.5,437.4,31,925,,2,437.4,出組1;無1,合22548,945,,1,437.3,賓組1,合16271,938,□(賓),9,437.5,無4;賓組5,合18604 合709 合709 合3165 合11018 合11018 合17261
X/1657,3613,3613,2,432.8-442.5,437.5,31,938,□(賓),9,437.5,無4;賓組5,合18604 合709 合709 合3165 合11018 合11018 合17261,925,,2,437.4,出組1;無1,合22548,945,,1,437.3,賓組1,合16271
X/1658,3614,3616,10,432.8-442.5,437.7,31,938,□(賓),9,437.5,無4;賓組5,合18604 合709 合709 合3165 合11018 合11018 合17261,925,,2,437.4,出組1;無1,合22548,945,,1,437.3,賓組1,合16271
X/1659,3617,3617,1,432.8-442.5,437.9,31,4196,,1,438.2,無1,合3923,948,,1,438.3,賓組1,合19089,938,□(賓),9,437.5,無4;賓組5,合18604 合709 合709 合3165 合11018 合11018 合17261
X/1660,3618,3618,1,432.8-442.5,438.1,31,4196,,1,438.2,無1,合3923,948,,1,438.3,賓組1,合19089,954,,14,438.4,無8;賓組1;無名組2;何組2;歷組1,合27193 合27215 合17958 合28261 合27099 合27110 合34312
X/1661,3619,3620,8,432.8-442.5,438.2,31,4196,,1,438.2,無1,合3923,948,,1,438.3,賓組1,合19089,954,,14,438.4,無8;賓組1;無名組2;何組2;歷組1,合27193 合27215 合17958 合28261 合27099 合27110 合34312
X/1662,3621,3621,2,432.8-442.5,438.4,31,954,,14,438.4,無8;賓組1;無名組2;何組2;歷組1,合27193 合27215 合17958 合28261 合27099 合27110 合34312,948,,1,438.3,賓組1,合19089,4196,,1,438.2,無1,合3923
X/1663,3622,3622,1,432.8-442.5,438.5,31,954,,14,438.4,無8;賓組1;無名組2;何組2;歷組1,合27193 合27215 合17958 合28261 合27099 合27110 合34312,955,(),1,438.7,無1,合32218,948,,1,438.3,賓組1,合19089
X/1664,3623,3623,4,432.8-442.5,438.6,31,955,(),1,438.7,無1,合32218,954,,14,438.4,無8;賓組1;無名組2;何組2;歷組1,合27193 合27215 合17958 合28261 合27099 合27110 合34312,948,,1,438.3,賓組1,合19089
X/1665,3624,3624,1,432.8-442.5,438.8,31,955,(),1,438.7,無1,合32218,4190,,1,439.1,無名組1,合31815,954,,14,438.4,無8;賓組1;無名組2;何組2;歷組1,合27193 合27215 合17958 合28261 合27099 合27110 合34312
X/1666,3625,3625,1,432.8-442.5,438.9,31,955,(),1,438.7,無1,合32218,4190,,1,439.1,無名組1,合31815,954,,14,438.4,無8;賓組1;無名組2;何組2;歷組1,合27193 合27215 合17958 合28261 合27099 合27110 合34312
X/1667,3626,3626,2,432.8-442.5,439.0,31,4190,,1,439.1,無名組1,合31815,955,(),1,438.7,無1,合32218,932,,2,439.5,賓組2,合10084 合10084
X/1668,3627,3627,4,432.8-442.5,439.1,31,4190,,1,439.1,無名組1,合31815,932,,2,439.5,賓組2,合10084 合10084,955,(),1,438.7,無1,合32218
X/1669,3628,3628,1,432.8-442.5,439.2,31,4190,,1,439.1,無名組1,合31815,932,,2,439.5,賓組2,合10084 合10084,930,,1,439.6,黃組1,合36842
X/1670,3629,3629,1,432.8-442.5,439.3,31,932,,2,439.5,賓組2,合10084 合10084,4190,,1,439.1,無名組1,合31815,930,,1,439.6,黃組1,合36842
X/1671,3630,3632,11,432.8-442.5,439.6,31,930,,1,439.6,黃組1,合36842,932,,2,439.5,賓組2,合10084 合10084,914,,1,439.7,賓組1,合16412
X/1672,3633,3634,7,432.8-442.5,439.9,31,914,,1,439.7,賓組1,合16412,1120,(),8,439.7,無5;出組2;賓組1,合8297 合2235 合25909 合25909 合25627 合277 合23650,930,,1,439.6,黃組1,合36842
X/1673,3677,3677,1,442.7-444.6,444.2,2,4166,□(),12,443.7,賓組6;無5;歷組1,合13712 合522 合4344 合32875 合13362 合3250 合4352,4250,□(疾),1,442.7,黃組1,合36766
X/1674,3678,3678,3,442.7-444.6,444.3,2,4166,□(),12,443.7,賓組6;無5;歷組1,合13712 合522 合4344 合32875 合13362 合3250 合4352,4250,□(疾),1,442.7,黃組1,合36766
X/1675,3679,3679,1,442.7-444.6,444.4,2,4166,□(),12,443.7,賓組6;無5;歷組1,合13712 合522 合4344 合32875 合13362 合3250 合4352,4250,□(疾),1,442.7,黃組1,合36766
X/1676,3680,3680,1,442.7-444.6,444.4,2,4166,□(),12,443.7,賓組6;無5;歷組1,合13712 合522 合4344 合32875 合13362 合3250 合4352,4250,□(疾),1,442.7,黃組1,合36766
X/1677,3716,3721,22,445.7-449.8,447.6,6,973,(),1,447.5,黃組1,合37520,978,(),6,447.2,子組4;賓組1;無1,合21786 合21761 合21586 合21586 合4761 合10721,4247,,1,448.2,無1,
X/1678,3722,3722,1,445.7-449.8,448.2,6,4247,,1,448.2,無1,,976,,3,448.4,賓組3,合10731 合10733 合10732,973,(),1,447.5,黃組1,合37520
X/1679,3723,3723,1,445.7-449.8,448.4,6,976,,3,448.4,賓組3,合10731 合10733 合10732,4247,,1,448.2,無1,,973,(),1,447.5,黃組1,合37520
X/1680,3724,3725,7,445.7-449.8,448.6,6,976,,3,448.4,賓組3,合10731 合10733 合10732,4247,,1,448.2,無1,,979,(),7,449.6,歷組3;無3,合27435 合32486 合31140 合34233 合21240 合22444
X/1681,3726,3730,19,445.7-449.8,449.3,6,979,(),7,449.6,歷組3;無3,合27435 合32486 合31140 合34233 合21240 合22444,976,,3,448.4,賓組3,合10731 合10733 合10732,4247,,1,448.2,無1,
X/1682,3745,3745,4,450.3-452.1,451.7,0
X/1683,3746,3746,1,450.3-452.1,451.9,0
X/1684,3852,3853,5,463.8-470.1,464.1,13,1002,□(俔),1,464.3,子組1,合21774,1012,,1,464.4,賓組1,合8594,997,,7,465.2,賓組4;子組1;出組1;無名組1,合15929 合10171 合22257 合6063 合26845 合7149 合26892
X/1685,3854,3854,1,463.8-470.1,464.3,13,1002,□(俔),1,464.3,子組1,合21774,1012,,1,464.4,賓組1,合8594,997,,7,465.2,賓組4;子組1;出組1;無名組1,合15929 合10171 合22257 合6063 合26845 合7149 合26892
X/1686,3855,3855,1,463.8-470.1,464.4,13,1012,,1,464.4,賓組1,合8594,1002,□(俔),1,464.3,子組1,合21774,997,,7,465.2,賓組4;子組1;出組1;無名組1,合15929 合10171 合22257 合6063 合26845 合7149 合26892
X/1687,3856,3860,18,463.8-470.1,464.8,13,1012,,1,464.4,賓組1,合8594,997,,7,465.2,賓組4;子組1;出組1;無名組1,合15929 合10171 合22257 合6063 合26845 合7149 合26892,1002,□(俔),1,464.3,子組1,合21774
X/1688,3861,3863,11,463.8-470.1,465.3,13,997,,7,465.2,賓組4;子組1;出組1;無名組1,合15929 合10171 合22257 合6063 合26845 合7149 合26892,1019,(),9,465.5,無5;賓組4,合9044 合10769 合9042 合9047 合4277 合13462 合9046 合419,1020,,2,465.8,賓組2,合17957 合13757
X/1689,3864,3866,11,463.8-470.1,465.6,13,1019,(),9,465.5,無5;賓組4,合9044 合10769 合9042 合9047 合4277 合13462 合9046 合419,1020,,2,465.8,賓組2,合17957 合13757,997,,7,465.2,賓組4;子組1;出組1;無名組1,合15929 合10171 合22257 合6063 合26845 合7149 合26892
X/1690,3867,3867,3,463.8-470.1,465.9,13,1020,,2,465.8,賓組2,合17957 合13757,1784,,1,466.1,賓組1,合17958,1595,(),8,466.2,無2;無名組5,合33363 合30273 合27310 合31136 合30266 合30278
X/1691,3868,3868,2,463.8-470.1,466.0,13,1784,,1,466.1,賓組1,合17958,1020,,2,465.8,賓組2,合17957 合13757,1595,(),8,466.2,無2;無名組5,合33363 合30273 合27310 合31136 合30266 合30278
X/1692,3869,3872,15,463.8-470.1,466.3,13,1595,(),8,466.2,無2;無名組5,合33363 合30273 合27310 合31136 合30266 合30278,1784,,1,466.1,賓組1,合17958,4272,,2,466.7,無2,
X/1693,3873,3873,1,463.8-470.1,466.6,13,4272,,2,466.7,無2,,1595,(),8,466.2,無2;無名組5,合33363 合30273 合27310 合31136 合30266 合30278,1784,,1,466.1,賓組1,合17958
X/1694,3874,3874,2,463.8-470.1,466.7,13,4272,,2,466.7,無2,,1595,(),8,466.2,無2;無名組5,合33363 合30273 合27310 合31136 合30266 合30278,4323,,1,467.3,賓組1,合14157
X/1695,3875,3875,2,463.8-470.1,466.8,13,4272,,2,466.7,無2,,4323,,1,467.3,賓組1,合14157,1595,(),8,466.2,無2;無名組5,合33363 合30273 合27310 合31136 合30266 合30278
X/1696,3876,3876,1,463.8-470.1,467.0,13,4272,,2,466.7,無2,,4323,,1,467.3,賓組1,合14157,1016,偪,1,467.6,無名組1,合27991
X/1697,3877,3877,1,463.8-470.1,467.1,13,4323,,1,467.3,賓組1,合14157,4272,,2,466.7,無2,,1016,偪,1,467.6,無名組1,合27991
X/1698,3878,3878,1,463.8-470.1,467.2,13,4323,,1,467.3,賓組1,合14157,1016,偪,1,467.6,無名組1,合27991,4272,,2,466.7,無2,
X/1699,3879,3879,1,463.8-470.1,467.3,13,4323,,1,467.3,賓組1,合14157,1016,偪,1,467.6,無名組1,合27991,4346,□(化),6,467.7,賓組4;無2,合137 合6650 合151 合33195 合5441
X/1700,3880,3880,2,463.8-470.1,467.4,13,4323,,1,467.3,賓組1,合14157,1016,偪,1,467.6,無名組1,合27991,4346,□(化),6,467.7,賓組4;無2,合137 合6650 合151 合33195 合5441
X/1701,3881,3881,3,463.8-470.1,467.6,13,1016,偪,1,467.6,無名組1,合27991,4346,□(化),6,467.7,賓組4;無2,合137 合6650 合151 合33195 合5441,4323,,1,467.3,賓組1,合14157
X/1702,3882,3883,5,463.8-470.1,467.7,13,4346,□(化),6,467.7,賓組4;無2,合137 合6650 合151 合33195 合5441,1016,偪,1,467.6,無名組1,合27991,1024,□(匕),28,468.1,無名組3;無17;子組1;賓組3;歷組2;黃組1,合27578 合27568 合19958 合21878 合5473反
X/1703,3884,3884,2,463.8-470.1,467.9,13,1024,□(匕),28,468.1,無名組3;無17;子組1;賓組3;歷組2;黃組1,合27578 合27568 合19958 合21878 合5473反,4346,□(化),6,467.7,賓組4;無2,合137 合6650 合151 合33195 合5441,1016,偪,1,467.6,無名組1,合27991
X/1704,3924,3928,19,471.8-472.8,472.6,0
X/1705,3937,3937,1,472.8-474.2,474.0,0
X/1706,3944,3944,2,474.2-477.7,475.0,7,1034,□(□),9,475.3,無6;賓組3,合7362 合5450 合7313 合2646 合19107,4299,□(徵),14,475.5,無4;賓組8;歷組1;子組1,合926 合6368 合6067 合5663 合3286 合9791,1035,□(朢□望),39,476.5,無24;賓組14;黃組1,合7223 合6477 合6182 合6187 合8279 合7488 合4589 合7540
X/1707,3987,3987,2,478.8-482.6,480.2,12,1038,□(卒衣),27,479.7,黃組4;出組3;無14;賓組1;何組4,合35428 合22655 合22865 合18813 合24381 合12713 合31792 合28881,1039,□(卒),10,479.7,無名組4;無5;歷組1,合27092 合30991 合30992 合27094 合32715 合28406 合34572,4362,□(卒),12,479.7,無10;賓組1,合12222 合5187 合5165 合16097 合16096 合14783 合7408
X/1708,4004,4004,1,478.8-482.6,482.1,12,1040,(),2,482.1,無名組2,合27995 合27995,1041,,1,482.4,無名組1,合28063,1851,裖,1,482.5,無1,
X/1709,4005,4005,1,478.8-482.6,482.3,12,1041,,1,482.4,無名組1,合28063,1040,(),2,482.1,無名組2,合27995 合27995,1851,裖,1,482.5,無1,
X/1710,4006,4006,2,478.8-482.6,482.4,12,1041,,1,482.4,無名組1,合28063,1851,裖,1,482.5,無1,,1040,(),2,482.1,無名組2,合27995 合27995
X/1711,4007,4007,1,478.8-482.6,482.5,12,1851,裖,1,482.5,無1,,1041,,1,482.4,無名組1,合28063,1040,(),2,482.1,無名組2,合27995 合27995
X/1712,4021,4023,9,483.5-485.3,484.4,5,1018,(),6,484.3,賓組3;歷組1;無1,合18672 合19026 合17951 合35223,1011,屎(),6,484.7,賓組4;無1;無名組1,合9587反 合9480 合9584 合9574 合9582 合31228,4342,屎,1,484.7,無1,合9586
X/1713,4024,4024,1,483.5-485.3,484.7,5,1011,屎(),6,484.7,賓組4;無1;無名組1,合9587反 合9480 合9584 合9574 合9582 合31228,4342,屎,1,484.7,無1,合9586,1018,(),6,484.3,賓組3;歷組1;無1,合18672 合19026 合17951 合35223
X/1714,4025,4028,13,483.5-485.3,485.0,5,1011,屎(),6,484.7,賓組4;無1;無名組1,合9587反 合9480 合9584 合9574 合9582 合31228,4342,屎,1,484.7,無1,合9586,1018,(),6,484.3,賓組3;歷組1;無1,合18672 合19026 合17951 合35223
X/1715,4047,4047,3,487.5-488.2,487.6,3,1869,,1,487.6,無1,,1055,,1,487.7,無1,,1056,(),1,487.8,子組1,合22271
X/1716,4048,4048,1,487.5-488.2,487.7,3,1055,,1,487.7,無1,,1056,(),1,487.8,子組1,合22271,1869,,1,487.6,無1,
X/1717,4049,4049,1,487.5-488.2,487.9,3,1056,(),1,487.8,子組1,合22271,1055,,1,487.7,無1,,1869,,1,487.6,無1,
X/1718,4050,4050,2,487.5-488.2,488.0,3,1056,(),1,487.8,子組1,合22271,1055,,1,487.7,無1,,1869,,1,487.6,無1,
X/1719,4051,4051,1,487.5-488.2,488.1,3,1056,(),1,487.8,子組1,合22271,1055,,1,487.7,無1,,1869,,1,487.6,無1,
X/1720,4063,4063,1,488.2-489.5,489.4,0
X/1721,4081,4084,14,489.8-492.5,491.7,1,1062,□(兌),9,492.1,無名組4;無5,合28801 合28664 合28067 合38151 合39428 合27945 合28663 合41516
X/1722,4088,4088,1,489.8-492.5,492.4,1,1062,□(兌),9,492.1,無名組4;無5,合28801 合28664 合28067 合38151 合39428 合27945 合28663 合41516
X/1723,4097,4098,7,492.5-492.8,492.7,2,1069,,1,492.6,無1,合28575,4447,□(先),1,492.8,無1,
X/1725,4140,4140,4,496.2-497.4,497.3,0
X/1726,4145,4145,2,497.4-499.4,498.0,6,1079,□(□飲),7,498.2,賓組3;無4,合10405 合11691 合775 合10137 合18014,4462,□(吹),3,497.6,無3,,4513,□(吹),1,497.6,,
X/1727,4146,4146,1,497.4-499.4,498.2,6,1079,□(□飲),7,498.2,賓組3;無4,合10405 合11691 合775 合10137 合18014,1077,□(□),1,498.5,無1,合28053,4456,□(□),1,498.5,賓組1,合8317
X/1728,4147,4147,1,497.4-499.4,498.3,6,1079,□(□飲),7,498.2,賓組3;無4,合10405 合11691 合775 合10137 合18014,1077,□(□),1,498.5,無1,合28053,4456,□(□),1,498.5,賓組1,合8317
X/1729,4180,4180,1,502.3-504.4,502.9,2,4423,□(須),1,503.1,無1,,4712,□(髭),1,503.3,無名組1,合27740
X/1730,4208,4208,2,504.4-505.7,505.6,2,4300,□(髟),7,504.7,黃組2;何組1;無1;賓組2;歷間1,合36777 合36775 合36346 合21725 合4593 合14295 合2484,4378,□(髟),10,504.7,賓組6;無4,合766 合6556 合4559 合4557 合7571 合7571 合767 合11446
X/1731,4250,4250,3,509.7-513.3,511.2,10,1093,,2,511.2,賓組2,合19141 合19142,1091,□(□),22,510.4,無15;賓組1;何組3;歷組1;無名組1,合31596 合31603 合4500 合27714 合31605,4469,□(□),1,510.4,賓組1,合4502
X/1732,4251,4251,1,509.7-513.3,511.4,10,1093,,2,511.2,賓組2,合19141 合19142,1100,,1,512.2,賓組1,合4400,818,,2,512.3,歷組1;子組1,合32834 合21728
X/1733,4252,4254,9,509.7-513.3,511.6,10,1093,,2,511.2,賓組2,合19141 合19142,1100,,1,512.2,賓組1,合4400,818,,2,512.3,歷組1;子組1,合32834 合21728
X/1734,4255,4256,8,509.7-513.3,512.0,10,1100,,1,512.2,賓組1,合4400,818,,2,512.3,歷組1;子組1,合32834 合21728,4132,,1,512.3,賓組1,合5995
X/1735,4257,4257,2,509.7-513.3,512.2,10,1100,,1,512.2,賓組1,合4400,818,,2,512.3,歷組1;子組1,合32834 合21728,4132,,1,512.3,賓組1,合5995
X/1736,4258,4258,1,509.7-513.3,512.3,10,818,,2,512.3,歷組1;子組1,合32834 合21728,4132,,1,512.3,賓組1,合5995,1737,,1,512.4,賓組1,合14294
X/1737,4259,4259,1,509.7-513.3,512.5,10,1101,□(印□抑),20,512.5,子組2;無7,合22148 合19071 合19792 合19783 合22591 合19788 合20411 合21535,1737,,1,512.4,賓組1,合14294,3372,,3,512.4,賓組1;無2,合3306 合7027 合39700
X/1738,4283,4283,2,514.1-516.5,516.0,2,1111,□(茍□),5,516.3,何組1;子組1;歷組1;無2,合27147 合21954 合32906 合7863,4528,□(鬼),1,516.5,歷組1,合34146
X/1739,4296,4296,4,516.5-518.2,517.7,4,1113,□(□),2,517.5,賓組2,合13751 合14287,4529,□(□),2,517.5,賓組2,合14288 合1114,1559,,2,518.1,賓組2,合586 合6779
X/1740,4297,4297,1,516.5-518.2,517.8,4,1559,,2,518.1,賓組2,合586 合6779,1113,□(□),2,517.5,賓組2,合13751 合14287,4529,□(□),2,517.5,賓組2,合14288 合1114
X/1741,4298,4298,1,516.5-518.2,518.0,4,1559,,2,518.1,賓組2,合586 合6779,1113,□(□),2,517.5,賓組2,合13751 合14287,4529,□(□),2,517.5,賓組2,合14288 合1114
X/1742,4299,4299,1,516.5-518.2,518.1,4,1559,,2,518.1,賓組2,合586 合6779,1113,□(□),2,517.5,賓組2,合13751 合14287,4529,□(□),2,517.5,賓組2,合14288 合1114
X/1743,4301,4302,6,518.2-518.5,518.4,1,1244,(),3,518.3,賓組3,合203 合203 合14292
X/1744,4324,4324,1,518.5-523.3,520.8,5,1217,,2,521.1,賓組1;無1,合530,1212,(),3,521.7,賓組1;無名組1,合18736 合30445,1227,,1,522.4,賓組1,合845
X/1745,4325,4325,3,518.5-523.3,520.9,5,1217,,2,521.1,賓組1;無1,合530,1212,(),3,521.7,賓組1;無名組1,合18736 合30445,1227,,1,522.4,賓組1,合845
X/1746,4326,4330,20,518.5-523.3,521.2,5,1217,,2,521.1,賓組1;無1,合530,1212,(),3,521.7,賓組1;無名組1,合18736 合30445,1227,,1,522.4,賓組1,合845
X/1747,4331,4332,7,518.5-523.3,521.6,5,1212,(),3,521.7,賓組1;無名組1,合18736 合30445,1217,,2,521.1,賓組1;無1,合530,1227,,1,522.4,賓組1,合845
X/1748,4333,4337,17,518.5-523.3,522.0,5,1212,(),3,521.7,賓組1;無名組1,合18736 合30445,1227,,1,522.4,賓組1,合845,1219,,1,522.6,歷組1,合5766
X/1749,4338,4338,2,518.5-523.3,522.3,5,1227,,1,522.4,賓組1,合845,1219,,1,522.6,歷組1,合5766,1224,(),2,522.8,賓組2,合18735 合18734
X/1750,4339,4339,3,518.5-523.3,522.4,5,1227,,1,522.4,賓組1,合845,1219,,1,522.6,歷組1,合5766,1224,(),2,522.8,賓組2,合18735 合18734
X/1751,4340,4340,1,518.5-523.3,522.5,5,1219,,1,522.6,歷組1,合5766,1227,,1,522.4,賓組1,合845,1224,(),2,522.8,賓組2,合18735 合18734
X/1752,4341,4341,1,518.5-523.3,522.6,5,1219,,1,522.6,歷組1,合5766,1224,(),2,522.8,賓組2,合18735 合18734,1227,,1,522.4,賓組1,合845
X/1753,4342,4342,1,518.5-523.3,522.8,5,1224,(),2,522.8,賓組2,合18735 合18734,1219,,1,522.6,歷組1,合5766,1227,,1,522.4,賓組1,合845
X/1754,4343,4343,3,518.5-523.3,522.9,5,1224,(),2,522.8,賓組2,合18735 合18734,1219,,1,522.6,歷組1,合5766,1227,,1,522.4,賓組1,合845
X/1755,4344,4344,2,518.5-523.3,523.0,5,1224,(),2,522.8,賓組2,合18735 合18734,1219,,1,522.6,歷組1,合5766,1227,,1,522.4,賓組1,合845
X/1756,4345,4345,1,518.5-523.3,523.1,5,1224,(),2,522.8,賓組2,合18735 合18734,1219,,1,522.6,歷組1,合5766,1227,,1,522.4,賓組1,合845
X/1757,4355,4355,1,523.8-525.1,524.2,5,1128,,1,524.3,,,3058,□(危□),1,524.4,無1,,3135,□(危□),3,524.4,歷組2;無1,合32899 合32026
X/1758,4357,4357,1,523.8-525.1,524.4,5,3058,□(危□),1,524.4,無1,,3135,□(危□),3,524.4,歷組2;無1,合32899 合32026,3228,□(危□),26,524.4,賓組15;無9;歷組1;出組1,合6484 合6477 合32 合6482 合6484 合811 合6530 合17267
X/1759,4374,4374,1,525.7-527.1,526.0,5,1123,,1,526.4,賓組1,合13641,1125,,1,526.5,無1,,4539,,1,526.6,賓組1,合4595
X/1760,4375,4375,1,525.7-527.1,526.1,5,1123,,1,526.4,賓組1,合13641,1125,,1,526.5,無1,,4539,,1,526.6,賓組1,合4595
X/1761,4376,4376,4,525.7-527.1,526.2,5,1123,,1,526.4,賓組1,合13641,1125,,1,526.5,無1,,4539,,1,526.6,賓組1,合4595
X/1762,4377,4377,1,525.7-527.1,526.2,5,1123,,1,526.4,賓組1,合13641,1125,,1,526.5,無1,,4539,,1,526.6,賓組1,合4595
X/1763,4407,4407,1,528.3-529.5,529.3,4,529,(),11,529.3,歷組3;無6;無名組1;賓組1,合31994 合31995 合41542 合34148 合26888 合26888 合26992 合13404,530,,1,529.4,無1,,529,(),11,529.1,歷組3;無6;無名組1;賓組1,合31994 合31995 合41542 合34148 合26888 合26888 合26992 合13404
X/1764,4427,4428,8,531.4-533.8,532.0,8,1141,,18,532.1,無11;賓組2,合10473 合20400 合10859 合8007 合10764 合20215 合689,4705,,1,532.1,無1,合17989,1144,□(豩),6,531.8,歷組1;無1,合32985 合27063
X/1765,4429,4430,7,531.4-533.8,532.3,8,1836,□(),2,532.3,賓組1;無1,合9774正,1140,(),15,532.4,無8;賓組5,合6938 合9507 合6923 合6925 合8632 合6939 合6926 合6942,1141,,18,532.1,無11;賓組2,合10473 合20400 合10859 合8007 合10764 合20215 合689
X/1766,4431,4431,1,531.4-533.8,532.5,8,1140,(),15,532.4,無8;賓組5,合6938 合9507 合6923 合6925 合8632 合6939 合6926 合6942,1836,□(),2,532.3,賓組1;無1,合9774正,1141,,18,532.1,無11;賓組2,合10473 合20400 合10859 合8007 合10764 合20215 合689
X/1767,4432,4432,4,531.4-533.8,532.7,8,1140,(),15,532.4,無8;賓組5,合6938 合9507 合6923 合6925 合8632 合6939 合6926 合6942,1836,□(),2,532.3,賓組1;無1,合9774正,4576,,1,533.1,午組1,合22276
X/1768,4433,4433,2,531.4-533.8,532.8,8,4576,,1,533.1,午組1,合22276,4590,,1,533.2,賓組1,合3099,1140,(),15,532.4,無8;賓組5,合6938 合9507 合6923 合6925 合8632 合6939 合6926 合6942
X/1769,4434,4434,2,531.4-533.8,533.0,8,4576,,1,533.1,午組1,合22276,4590,,1,533.2,賓組1,合3099,1140,(),15,532.4,無8;賓組5,合6938 合9507 合6923 合6925 合8632 合6939 合6926 合6942
X/1770,4435,4435,2,531.4-533.8,533.1,8,4576,,1,533.1,午組1,合22276,4590,,1,533.2,賓組1,合3099,3941,□(豪),1,533.6,黃組1,合39460
X/1771,4436,4436,4,531.4-533.8,533.2,8,4590,,1,533.2,賓組1,合3099,4576,,1,533.1,午組1,合22276,3941,□(豪),1,533.6,黃組1,合39460
X/1772,4448,4448,3,533.8-534.7,534.6,0
X/1773,4458,4458,1,535.6-537.1,535.8,7,1149,□(□兕),39,535.8,歷組3;賓組8;無名組6;何組2;無16;無名黃間1;黃組2,合33375 合33208 合32718 合30995 合28390 合28395 合28403 合37398,4546,□(□兕),1,535.8,無1,合17863,4547,□(□兕),1,535.8,賓組1,合10448
X/1774,4506,4506,3,541.2-543.3,542.0,8,1157,(),2,542.1,黃組2,合36985 合37514,1159,(),1,542.2,無名組1,合27972,4623,駛,1,541.7,何組1,合28195
X/1775,4507,4507,2,541.2-543.3,542.1,8,1157,(),2,542.1,黃組2,合36985 合37514,1159,(),1,542.2,無名組1,合27972,1160,(),1,542.3,黃組1,合36986
X/1776,4508,4508,1,541.2-543.3,542.2,8,1159,(),1,542.2,無名組1,合27972,1160,(),1,542.3,黃組1,合36986,1157,(),2,542.1,黃組2,合36985 合37514
X/1777,4509,4509,1,541.2-543.3,542.3,8,1160,(),1,542.3,黃組1,合36986,1159,(),1,542.2,無名組1,合27972,1161,,1,542.4,黃組1,合37514
X/1778,4510,4510,1,541.2-543.3,542.4,8,1161,,1,542.4,黃組1,合37514,1160,(),1,542.3,黃組1,合36986,1162,(),1,542.5,黃組1,合37514
X/1779,4511,4511,1,541.2-543.3,542.5,8,1162,(),1,542.5,黃組1,合37514,1161,,1,542.4,黃組1,合37514,1160,(),1,542.3,黃組1,合36986
X/1780,4512,4512,1,541.2-543.3,542.6,8,1162,(),1,542.5,黃組1,合37514,1165,(),1,542.7,無名組1,合30297,1161,,1,542.4,黃組1,合37514
X/1781,4513,4513,1,541.2-543.3,542.7,8,1165,(),1,542.7,無名組1,合30297,1162,(),1,542.5,黃組1,合37514,1161,,1,542.4,黃組1,合37514
X/1782,4514,4514,1,541.2-543.3,542.8,8,1165,(),1,542.7,無名組1,合30297,1162,(),1,542.5,黃組1,合37514,1161,,1,542.4,黃組1,合37514
X/1783,4515,4515,1,541.2-543.3,542.9,8,1165,(),1,542.7,無名組1,合30297,1162,(),1,542.5,黃組1,合37514,1161,,1,542.4,黃組1,合37514
X/1784,4516,4516,2,541.2-543.3,543.0,8,1165,(),1,542.7,無名組1,合30297,1162,(),1,542.5,黃組1,合37514,1161,,1,542.4,黃組1,合37514
X/1785,4517,4517,1,541.2-543.3,543.1,8,1165,(),1,542.7,無名組1,合30297,1162,(),1,542.5,黃組1,合37514,1161,,1,542.4,黃組1,合37514
X/1786,4518,4518,1,541.2-543.3,543.2,8,1165,(),1,542.7,無名組1,合30297,1162,(),1,542.5,黃組1,合37514,1161,,1,542.4,黃組1,合37514
X/1787,4527,4528,8,543.3-544.2,544.0,4,1168,,1,544.1,,,4617,□(鹿),1,544.2,無1,合10332,4668,□(鹿),1,544.2,無1,合28354
X/1788,4529,4529,1,543.3-544.2,544.1,4,1168,,1,544.1,,,4617,□(鹿),1,544.2,無1,合10332,4668,□(鹿),1,544.2,無1,合28354
X/1789,4553,4554,5,546.6-550.5,547.0,12,1176,,1,547.2,無名組1,合14295,1175,,4,546.8,黃組4,合37468 合37467 合37468 合37469,4669,,1,546.8,黃組1,合37439
X/1790,4555,4555,3,546.6-550.5,547.2,12,1176,,1,547.2,無名組1,合14295,1175,,4,546.8,黃組4,合37468 合37467 合37468 合37469,4669,,1,546.8,黃組1,合37439
X/1791,4556,4556,1,546.6-550.5,547.3,12,1176,,1,547.2,無名組1,合14295,1177,□,14,547.7,賓組10;無3;歷組1,合8225 合13505 合9658反 合8310 合35303 合7814 合1110,1175,,4,546.8,黃組4,合37468 合37467 合37468 合37469
X/1792,4557,4557,1,546.6-550.5,547.4,12,1176,,1,547.2,無名組1,合14295,1177,□,14,547.7,賓組10;無3;歷組1,合8225 合13505 合9658反 合8310 合35303 合7814 合1110,1175,,4,546.8,黃組4,合37468 合37467 合37468 合37469
X/1793,4558,4562,20,546.6-550.5,547.8,12,1177,□,14,547.7,賓組10;無3;歷組1,合8225 合13505 合9658反 合8310 合35303 合7814 合1110,1176,,1,547.2,無名組1,合14295,1178,,2,548.4,無1;子組1,合21771
X/1794,4563,4565,11,546.6-550.5,548.3,12,1178,,2,548.4,無1;子組1,合21771,1786,□(□),12,548.5,無8;賓組3,合19910 合3898反 合19728 合4613 合4499 合10463 合201,4603,□(□),14,548.5,無6;賓組8,合10462 合4511 合368 合10932 合4618 合4617
X/1795,4566,4567,5,546.6-550.5,548.5,12,1786,□(□),12,548.5,無8;賓組3,合19910 合3898反 合19728 合4613 合4499 合10463 合201,4603,□(□),14,548.5,無6;賓組8,合10462 合4511 合368 合10932 合4618 合4617,4610,□(□),1,548.5,,
X/1796,4568,4568,2,546.6-550.5,548.7,12,1786,□(□),12,548.5,無8;賓組3,合19910 合3898反 合19728 合4613 合4499 合10463 合201,4603,□(□),14,548.5,無6;賓組8,合10462 合4511 合368 合10932 合4618 合4617,4610,□(□),1,548.5,,
X/1797,4569,4570,6,546.6-550.5,548.9,12,1179,,6,549.2,賓組3;無2;黃組1,合12439反 合7239反 合38718 合17301反 合5081反,1786,□(□),12,548.5,無8;賓組3,合19910 合3898反 合19728 合4613 合4499 合10463 合201,4603,□(□),14,548.5,無6;賓組8,合10462 合4511 合368 合10932 合4618 合4617
X/1798,4571,4573,10,546.6-550.5,549.2,12,1179,,6,549.2,賓組3;無2;黃組1,合12439反 合7239反 合38718 合17301反 合5081反,1180,,10,549.4,黃組3;無7,合36537 合36522 合37863 合36856 合36880 合37906 合36849 合36849,4606,,8,549.7,賓組6;無2,合13584 合9507 合13584 合19122 合10405 合10406 合15485
X/1799,4592,4593,6,550.5-551.5,550.8,3,4553,□(犬),1,551.5,無1,合22470,4583,□(犬),1,551.5,無1,合32966,4660,□(犬),1,551.5,無1,合19063
X/1800,4643,4646,13,555.2-559.6,555.5,9,1193,狽,2,555.6,無名組1;無1,合29420 合18370,1189,□(狂),2,556.1,無名組2,合29234 合29236,1191,(),6,556.4,何組3;無名組2;無1,合29335 合29336 合29337 合29332 合31778
X/1801,4647,4648,5,555.2-559.6,555.8,9,1193,狽,2,555.6,無名組1;無1,合29420 合18370,1189,□(狂),2,556.1,無名組2,合29234 合29236,1191,(),6,556.4,何組3;無名組2;無1,合29335 合29336 合29337 合29332 合31778
X/1802,4649,4649,1,555.2-559.6,556.0,9,1189,□(狂),2,556.1,無名組2,合29234 合29236,1191,(),6,556.4,何組3;無名組2;無1,合29335 合29336 合29337 合29332 合31778,1193,狽,2,555.6,無名組1;無1,合29420 合18370
X/1803,4650,4654,19,555.2-559.6,556.4,9,1191,(),6,556.4,何組3;無名組2;無1,合29335 合29336 合29337 合29332 合31778,1189,□(狂),2,556.1,無名組2,合29234 合29236,1192,,42,557.1,無28;子組2;黃組12,合31581 合27711 合31461 合31465 合21953 合38765 合36895
X/1804,4655,4655,2,555.2-559.6,556.7,9,1191,(),6,556.4,何組3;無名組2;無1,合29335 合29336 合29337 合29332 合31778,1192,,42,557.1,無28;子組2;黃組12,合31581 合27711 合31461 合31465 合21953 合38765 合36895,1189,□(狂),2,556.1,無名組2,合29234 合29236
X/1805,4656,4660,20,555.2-559.6,557.1,9,1192,,42,557.1,無28;子組2;黃組12,合31581 合27711 合31461 合31465 合21953 合38765 合36895,1142,,4,557.7,,,1191,(),6,556.4,何組3;無名組2;無1,合29335 合29336 合29337 合29332 合31778
X/1806,4661,4661,3,555.2-559.6,557.4,9,1142,,4,557.7,,,1192,,42,557.1,無28;子組2;黃組12,合31581 合27711 合31461 合31465 合21953 合38765 合36895,1785,,21,558.1,何組10;無11,合28471 合29088 合29092 合27816 合28448 合30762 合29422
X/1807,4662,4663,5,555.2-559.6,557.6,9,1142,,4,557.7,,,1192,,42,557.1,無28;子組2;黃組12,合31581 合27711 合31461 合31465 合21953 合38765 合36895,1785,,21,558.1,何組10;無11,合28471 合29088 合29092 合27816 合28448 合30762 合29422
X/1808,4664,4666,12,555.2-559.6,557.9,9,1142,,4,557.7,,,1785,,21,558.1,何組10;無11,合28471 合29088 合29092 合27816 合28448 合30762 合29422,1817,□(),6,558.4,黃組5;無1,合36541 合36541 合36541 合36542 合36543
X/1809,4669,4672,13,555.2-559.6,558.5,9,1817,□(),6,558.4,黃組5;無1,合36541 合36541 合36541 合36542 合36543,4664,,20,558.6,無名組6;無4;何組3;賓組3;歷組1;子組2,合29236 合29229 合29230 合29231 合8215 合29234 合29228 合16871,1785,,21,558.1,何組10;無11,合28471 合29088 合29092 合27816 合28448 合30762 合29422
X/1810,4730,4731,5,564.2-569.8,565.3,6,1226,(),3,565.3,賓組3,合18737 合5089 合18744,1215,□(焚),10,567.1,無名黃間1;歷組1;無1;出組1;黃組4;何組1;無名組1,合37743 合33156 合37639 合24281 合37741 合29310 合37408 合37742,1232,炘,1,567.8,無名組1,合30413
X/1811,4732,4732,4,564.2-569.8,565.5,6,1226,(),3,565.3,賓組3,合18737 合5089 合18744,1215,□(焚),10,567.1,無名黃間1;歷組1;無1;出組1;黃組4;何組1;無名組1,合37743 合33156 合37639 合24281 合37741 合29310 合37408 合37742,1232,炘,1,567.8,無名組1,合30413
X/1812,4733,4733,3,564.2-569.8,565.6,6,1226,(),3,565.3,賓組3,合18737 合5089 合18744,1215,□(焚),10,567.1,無名黃間1;歷組1;無1;出組1;黃組4;何組1;無名組1,合37743 合33156 合37639 合24281 合37741 合29310 合37408 合37742,1232,炘,1,567.8,無名組1,合30413
X/1813,4734,4734,1,564.2-569.8,565.7,6,1226,(),3,565.3,賓組3,合18737 合5089 合18744,1215,□(焚),10,567.1,無名黃間1;歷組1;無1;出組1;黃組4;何組1;無名組1,合37743 合33156 合37639 合24281 合37741 合29310 合37408 合37742,1232,炘,1,567.8,無名組1,合30413
X/1814,4735,4746,46,564.2-569.8,566.5,6,1215,□(焚),10,567.1,無名黃間1;歷組1;無1;出組1;黃組4;何組1;無名組1,合37743 合33156 合37639 合24281 合37741 合29310 合37408 合37742,1226,(),3,565.3,賓組3,合18737 合5089 合18744,1232,炘,1,567.8,無名組1,合30413
X/1815,4747,4747,1,564.2-569.8,567.3,6,1215,□(焚),10,567.1,無名黃間1;歷組1;無1;出組1;黃組4;何組1;無名組1,合37743 合33156 合37639 合24281 合37741 合29310 合37408 合37742,1232,炘,1,567.8,無名組1,合30413,1218,(),1,568.2,賓組1,合8057
X/1816,4748,4751,13,564.2-569.8,567.6,6,1232,炘,1,567.8,無名組1,合30413,1215,□(焚),10,567.1,無名黃間1;歷組1;無1;出組1;黃組4;何組1;無名組1,合37743 合33156 合37639 合24281 合37741 合29310 合37408 合37742,1218,(),1,568.2,賓組1,合8057
X/1817,4752,4752,2,564.2-569.8,567.9,6,1232,炘,1,567.8,無名組1,合30413,1218,(),1,568.2,賓組1,合8057,1220,,1,568.3,賓組1,合7325
X/1818,4753,4753,1,564.2-569.8,568.0,6,1218,(),1,568.2,賓組1,合8057,1232,炘,1,567.8,無名組1,合30413,1220,,1,568.3,賓組1,合7325
X/1819,4754,4754,1,564.2-569.8,568.1,6,1218,(),1,568.2,賓組1,合8057,1220,,1,568.3,賓組1,合7325,1232,炘,1,567.8,無名組1,合30413
X/1820,4755,4755,1,564.2-569.8,568.3,6,1220,,1,568.3,賓組1,合7325,1218,(),1,568.2,賓組1,合8057,1232,炘,1,567.8,無名組1,合30413
X/1821,4756,4756,1,564.2-569.8,568.4,6,1220,,1,568.3,賓組1,合7325,1218,(),1,568.2,賓組1,合8057,1232,炘,1,567.8,無名組1,合30413
X/1822,4757,4757,1,564.2-569.8,568.5,6,1220,,1,568.3,賓組1,合7325,1218,(),1,568.2,賓組1,合8057,1231,(),1,569.1,子組1,合22483
X/1823,4758,4758,1,564.2-569.8,568.6,6,1220,,1,568.3,賓組1,合7325,1218,(),1,568.2,賓組1,合8057,1231,(),1,569.1,子組1,合22483
X/1824,4759,4759,1,564.2-569.8,568.7,6,1231,(),1,569.1,子組1,合22483,1220,,1,568.3,賓組1,合7325,1218,(),1,568.2,賓組1,合8057
X/1825,4760,4760,1,564.2-569.8,568.8,6,1231,(),1,569.1,子組1,合22483,1220,,1,568.3,賓組1,合7325,1218,(),1,568.2,賓組1,合8057
X/1826,4761,4761,1,564.2-569.8,569.0,6,1231,(),1,569.1,子組1,合22483,1220,,1,568.3,賓組1,合7325,1218,(),1,568.2,賓組1,合8057
X/1827,4762,4762,1,564.2-569.8,569.1,6,1231,(),1,569.1,子組1,合22483,1220,,1,568.3,賓組1,合7325,1218,(),1,568.2,賓組1,合8057
X/1828,4763,4763,1,564.2-569.8,569.2,6,1231,(),1,569.1,子組1,合22483,1220,,1,568.3,賓組1,合7325,1218,(),1,568.2,賓組1,合8057
X/1829,4764,4764,2,564.2-569.8,569.3,6,1231,(),1,569.1,子組1,合22483,1220,,1,568.3,賓組1,合7325,1218,(),1,568.2,賓組1,合8057
X/1830,4765,4765,1,564.2-569.8,569.4,6,1231,(),1,569.1,子組1,合22483,1220,,1,568.3,賓組1,合7325,1218,(),1,568.2,賓組1,合8057
X/1831,4766,4766,1,564.2-569.8,569.6,6,1231,(),1,569.1,子組1,合22483,1220,,1,568.3,賓組1,合7325,1218,(),1,568.2,賓組1,合8057
X/1832,4767,4767,1,564.2-569.8,569.7,6,1231,(),1,569.1,子組1,合22483,1220,,1,568.3,賓組1,合7325,1218,(),1,568.2,賓組1,合8057
X/1833,4797,4797,2,576.4-576.5,576.4,0
X/1834,4798,4798,1,576.4-576.5,576.4,0
X/1835,4799,4800,8,576.4-576.5,576.4,0
X/1836,4801,4801,1,576.4-576.5,576.4,0
X/1837,4802,4803,5,576.4-576.5,576.4,0
X/1838,4804,4808,18,576.4-576.5,576.4,0
X/1839,4809,4809,3,576.4-576.5,576.5,0
X/1840,4810,4810,1,576.4-576.5,576.5,0
X/1841,4811,4811,1,576.4-576.5,576.5,0
X/1842,4812,4813,5,576.4-576.5,576.5,0
X/1843,4814,4814,4,576.4-576.5,576.5,0
X/1844,4815,4816,5,576.4-576.5,576.5,0
X/1845,4817,4817,2,576.4-576.5,576.5,0
X/1846,4900,4901,6,585.8-586.6,586.4,0
X/1847,4939,4939,2,589.2-591.3,590.5,6,4070,□(□),1,590.5,賓組1,合5346,1549,,1,590.6,賓組1,合18384,515,恙,1,590.4,子組1,合21870
X/1848,4940,4940,2,589.2-591.3,590.6,6,1549,,1,590.6,賓組1,合18384,4075,,2,590.7,,,4070,□(□),1,590.5,賓組1,合5346
X/1849,4941,4941,1,589.2-591.3,590.7,6,4075,,2,590.7,,,1549,,1,590.6,賓組1,合18384,4070,□(□),1,590.5,賓組1,合5346
X/1851,5075,5075,4,606.7-615.5,606.8,31,1336,,15,606.8,無7;賓組4;歷組2;歷間1;黃組1,合8339 合8340 合14330 合8334 合33178 合14173 合10937 合9509,1271,淄,2,607.4,賓組1;無1,合10163 合15230,1330,漅,2,607.5,無名組1;何組1,合28095 合31771
X/1852,5076,5077,6,606.7-615.5,607.0,31,1336,,15,606.8,無7;賓組4;歷組2;歷間1;黃組1,合8339 合8340 合14330 合8334 合33178 合14173 合10937 合9509,1271,淄,2,607.4,賓組1;無1,合10163 合15230,1330,漅,2,607.5,無名組1;何組1,合28095 合31771
X/1853,5078,5078,1,606.7-615.5,607.2,31,1271,淄,2,607.4,賓組1;無1,合10163 合15230,1330,漅,2,607.5,無名組1;何組1,合28095 合31771,1336,,15,606.8,無7;賓組4;歷組2;歷間1;黃組1,合8339 合8340 合14330 合8334 合33178 合14173 合10937 合9509
X/1854,5079,5080,6,606.7-615.5,607.4,31,1271,淄,2,607.4,賓組1;無1,合10163 合15230,1330,漅,2,607.5,無名組1;何組1,合28095 合31771,4783,洱,1,607.8,賓組1,合9774
X/1855,5081,5081,2,606.7-615.5,607.6,31,1330,漅,2,607.5,無名組1;何組1,合28095 合31771,1271,淄,2,607.4,賓組1;無1,合10163 合15230,4783,洱,1,607.8,賓組1,合9774
X/1856,5082,5082,3,606.7-615.5,607.7,31,4783,洱,1,607.8,賓組1,合9774,1330,漅,2,607.5,無名組1;何組1,合28095 合31771,1271,淄,2,607.4,賓組1;無1,合10163 合15230
X/1857,5083,5083,1,606.7-615.5,607.8,31,4783,洱,1,607.8,賓組1,合9774,1330,漅,2,607.5,無名組1;何組1,合28095 合31771,1271,淄,2,607.4,賓組1;無1,合10163 合15230
X/1858,5084,5084,1,606.7-615.5,608.0,31,4783,洱,1,607.8,賓組1,合9774,1296,(),8,608.3,無8,合23032 合25325 合26419 合23335 合25090 合23316 合25090 合18779,1330,漅,2,607.5,無名組1;何組1,合28095 合31771
X/1859,5085,5086,5,606.7-615.5,608.2,31,1296,(),8,608.3,無8,合23032 合25325 合26419 合23335 合25090 合23316 合25090 合18779,4783,洱,1,607.8,賓組1,合9774,4768,,1,608.6,黃組1,合36756
X/1860,5087,5087,1,606.7-615.5,608.4,31,1296,(),8,608.3,無8,合23032 合25325 合26419 合23335 合25090 合23316 合25090 合18779,4768,,1,608.6,黃組1,合36756,730,,3,608.8,黃組2;賓組1,合37475 合14360 合36912
X/1861,5088,5088,1,606.7-615.5,608.5,31,4768,,1,608.6,黃組1,合36756,1296,(),8,608.3,無8,合23032 合25325 合26419 合23335 合25090 合23316 合25090 合18779,730,,3,608.8,黃組2;賓組1,合37475 合14360 合36912
X/1862,5089,5089,2,606.7-615.5,608.6,31,4768,,1,608.6,黃組1,合36756,730,,3,608.8,黃組2;賓組1,合37475 合14360 合36912,1296,(),8,608.3,無8,合23032 合25325 合26419 合23335 合25090 合23316 合25090 合18779
X/1863,5090,5090,3,606.7-615.5,608.7,31,730,,3,608.8,黃組2;賓組1,合37475 合14360 合36912,4768,,1,608.6,黃組1,合36756,4766,,1,609.1,無1,
X/1864,5091,5091,2,606.7-615.5,608.9,31,730,,3,608.8,黃組2;賓組1,合37475 合14360 合36912,4766,,1,609.1,無1,,4768,,1,608.6,黃組1,合36756
X/1865,5092,5092,1,606.7-615.5,609.0,31,4766,,1,609.1,無1,,730,,3,608.8,黃組2;賓組1,合37475 合14360 合36912,1309,,1,609.2,無1,合204
X/1866,5093,5093,4,606.7-615.5,609.1,31,4766,,1,609.1,無1,,1309,,1,609.2,無1,合204,1310,,13,609.3,歷組3;無2;賓組5;何組1;無名組1,合33178 合28179 合32035 合8310 合8310 合1333 合1082 合24608
X/1867,5094,5097,14,606.7-615.5,609.4,31,1310,,13,609.3,歷組3;無2;賓組5;何組1;無名組1,合33178 合28179 合32035 合8310 合8310 合1333 合1082 合24608,1309,,1,609.2,無1,合204,1311,,11,609.7,黃組2;無名組2;無名黃間2;無3;賓組1,合37787 合37562 合29287 合27902 合29290 合28186 合29292
X/1868,5098,5100,10,606.7-615.5,609.9,31,1311,,11,609.7,黃組2;無名組2;無名黃間2;無3;賓組1,合37787 合37562 合29287 合27902 合29290 合28186 合29292,1313,,1,610.3,無1,,1316,(),2,610.4,無1;黃組1,合41768
X/1869,5101,5101,1,606.7-615.5,610.1,31,1313,,1,610.3,無1,,1316,(),2,610.4,無1;黃組1,合41768,1311,,11,609.7,黃組2;無名組2;無名黃間2;無3;賓組1,合37787 合37562 合29287 合27902 合29290 合28186 合29292
X/1870,5102,5102,1,606.7-615.5,610.3,31,1313,,1,610.3,無1,,1316,(),2,610.4,無1;黃組1,合41768,1307,(),1,610.7,無1,
X/1871,5103,5103,1,606.7-615.5,610.4,31,1316,(),2,610.4,無1;黃組1,合41768,1313,,1,610.3,無1,,1307,(),1,610.7,無1,
X/1872,5104,5104,2,606.7-615.5,610.5,31,1316,(),2,610.4,無1;黃組1,合41768,1307,(),1,610.7,無1,,1321,,11,610.7,無8;賓組2,合2758 合15327 合5758 合15325 合2757 合15330
X/1873,5105,5105,1,606.7-615.5,610.7,31,1307,(),1,610.7,無1,,1321,,11,610.7,無8;賓組2,合2758 合15327 合5758 合15325 合2757 合15330,1316,(),2,610.4,無1;黃組1,合41768
X/1874,5106,5108,12,606.7-615.5,610.9,31,1307,(),1,610.7,無1,,1321,,11,610.7,無8;賓組2,合2758 合15327 合5758 合15325 合2757 合15330,1273,□(洧),3,611.2,賓組1;無1,合18771 合40733
X/1875,5109,5109,4,606.7-615.5,611.2,31,1273,□(洧),3,611.2,賓組1;無1,合18771 合40733,1324,汫,1,611.3,無1,合38969,1325,,4,611.4,無3;出組1,合23963 合24341 合15672 合32913
X/1876,5110,5110,1,606.7-615.5,611.3,31,1324,汫,1,611.3,無1,合38969,1273,□(洧),3,611.2,賓組1;無1,合18771 合40733,1325,,4,611.4,無3;出組1,合23963 合24341 合15672 合32913
X/1877,5111,5111,2,606.7-615.5,611.4,31,1325,,4,611.4,無3;出組1,合23963 合24341 合15672 合32913,1324,汫,1,611.3,無1,合38969,1347,,4,611.6,賓組2;無1,合18772 合18773
X/1878,5112,5112,2,606.7-615.5,611.5,31,1347,,4,611.6,賓組2;無1,合18772 合18773,1325,,4,611.4,無3;出組1,合23963 合24341 合15672 合32913,1324,汫,1,611.3,無1,合38969
X/1879,5113,5113,3,606.7-615.5,611.7,31,1347,,4,611.6,賓組2;無1,合18772 合18773,1329,,4,611.8,黃組3;無1,合37475 合36912 合41757,1325,,4,611.4,無3;出組1,合23963 合24341 合15672 合32913
X/1880,5114,5114,2,606.7-615.5,611.8,31,1329,,4,611.8,黃組3;無1,合37475 合36912 合41757,1347,,4,611.6,賓組2;無1,合18772 合18773,1333,,2,612.1,黃組2,合36899 合36898
X/1881,5115,5115,2,606.7-615.5,611.9,31,1329,,4,611.8,黃組3;無1,合37475 合36912 合41757,1333,,2,612.1,黃組2,合36899 合36898,1335,,1,612.2,,
X/1882,5116,5116,3,606.7-615.5,612.1,31,1333,,2,612.1,黃組2,合36899 合36898,1335,,1,612.2,,,1337,洀,4,612.3,無2;賓組2,合11479 合11478 合41317 合11477
X/1883,5117,5119,9,606.7-615.5,612.3,31,1337,洀,4,612.3,無2;賓組2,合11479 合11478 合41317 合11477,1335,,1,612.2,,,1333,,2,612.1,黃組2,合36899 合36898
X/1884,5120,5120,1,606.7-615.5,612.6,31,1339,,1,612.6,無1,合28185,1337,洀,4,612.3,無2;賓組2,合11479 合11478 合41317 合11477,1335,,1,612.2,,
X/1885,5121,5121,1,606.7-615.5,612.7,31,1339,,1,612.6,無1,合28185,1337,洀,4,612.3,無2;賓組2,合11479 合11478 合41317 合11477,1341,,1,613.1,黃組1,合36536
X/1886,5122,5122,3,606.7-615.5,612.8,31,1339,,1,612.6,無1,合28185,1341,,1,613.1,黃組1,合36536,1342,,9,613.2,無5;賓組2,合14361 合199 合23630 合8366 合14363
X/1887,5123,5123,1,606.7-615.5,612.9,31,1341,,1,613.1,黃組1,合36536,1342,,9,613.2,無5;賓組2,合14361 合199 合23630 合8366 合14363,1339,,1,612.6,無1,合28185
X/1888,5124,5126,9,606.7-615.5,613.2,31,1342,,9,613.2,無5;賓組2,合14361 合199 合23630 合8366 合14363,1341,,1,613.1,黃組1,合36536,1343,,1,613.4,黃組1,合41762
X/1889,5127,5127,2,606.7-615.5,613.5,31,1343,,1,613.4,黃組1,合41762,4789,,1,613.7,無1,,1342,,9,613.2,無5;賓組2,合14361 合199 合23630 合8366 合14363
X/1890,5128,5128,3,606.7-615.5,613.6,31,4789,,1,613.7,無1,,1343,,1,613.4,黃組1,合41762,1342,,9,613.2,無5;賓組2,合14361 合199 合23630 合8366 合14363
X/1891,5129,5129,1,606.7-615.5,613.7,31,4789,,1,613.7,無1,,1343,,1,613.4,黃組1,合41762,1342,,9,613.2,無5;賓組2,合14361 合199 合23630 合8366 合14363
X/1892,5130,5130,1,606.7-615.5,613.8,31,4789,,1,613.7,無1,,1343,,1,613.4,黃組1,合41762,3180,,1,614.3,歷組1,合32103
X/1893,5131,5131,1,606.7-615.5,614.0,31,4789,,1,613.7,無1,,3180,,1,614.3,歷組1,合32103,1343,,1,613.4,黃組1,合41762
X/1894,5132,5132,1,606.7-615.5,614.1,31,3180,,1,614.3,歷組1,合32103,4789,,1,613.7,無1,,1331,,4,614.7,黃組3;賓組1,合35532 合36786 合36785 合7320
X/1895,5133,5133,1,606.7-615.5,614.2,31,3180,,1,614.3,歷組1,合32103,1331,,4,614.7,黃組3;賓組1,合35532 合36786 合36785 合7320,4789,,1,613.7,無1,
X/1896,5134,5134,2,606.7-615.5,614.4,31,3180,,1,614.3,歷組1,合32103,1331,,4,614.7,黃組3;賓組1,合35532 合36786 合36785 合7320,4789,,1,613.7,無1,
X/1897,5135,5135,2,606.7-615.5,614.5,31,3180,,1,614.3,歷組1,合32103,1331,,4,614.7,黃組3;賓組1,合35532 合36786 合36785 合7320,4789,,1,613.7,無1,
X/1898,5136,5136,1,606.7-615.5,614.6,31,1331,,4,614.7,黃組3;賓組1,合35532 合36786 合36785 合7320,3180,,1,614.3,歷組1,合32103,1338,,1,615.4,賓組1,合18768
X/1899,5137,5138,7,606.7-615.5,614.8,31,1331,,4,614.7,黃組3;賓組1,合35532 合36786 合36785 合7320,3180,,1,614.3,歷組1,合32103,1338,,1,615.4,賓組1,合18768
X/1900,5139,5139,1,606.7-615.5,615.0,31,1331,,4,614.7,黃組3;賓組1,合35532 合36786 合36785 合7320,1338,,1,615.4,賓組1,合18768,3180,,1,614.3,歷組1,合32103
X/1901,5140,5140,1,606.7-615.5,615.1,31,1338,,1,615.4,賓組1,合18768,1331,,4,614.7,黃組3;賓組1,合35532 合36786 合36785 合7320,3180,,1,614.3,歷組1,合32103
X/1902,5141,5141,1,606.7-615.5,615.2,31,1338,,1,615.4,賓組1,合18768,1331,,4,614.7,黃組3;賓組1,合35532 合36786 合36785 合7320,3180,,1,614.3,歷組1,合32103
X/1903,5142,5142,1,606.7-615.5,615.4,31,1338,,1,615.4,賓組1,合18768,1331,,4,614.7,黃組3;賓組1,合35532 合36786 合36785 合7320,3180,,1,614.3,歷組1,合32103
X/1905,5187,5187,4,620.2-620.5,620.4,1,1804,,1,620.4,無1,
X/1907,5191,5192,8,620.5-621.6,621.3,1,1353,(),9,621.4,無4;賓組5,合9818 合5709 合6 合8968 合11446 合4587 合4589 合10077
X/1910,5236,5236,1,626.4-627.4,627.1,2,1366,,1,627.2,無1,合40906,1359,□(),1,627.3,出組1,合24257
X/1911,5256,5256,1,628.2-631.5,629.4,5,1368,,2,629.4,無1;何組1,合28294,1367,,1,629.3,賓組1,合11500,1371,(),1,629.7,賓組1,合13011
X/1912,5257,5258,6,628.2-631.5,629.5,5,1368,,2,629.4,無1;何組1,合28294,1371,(),1,629.7,賓組1,合13011,1367,,1,629.3,賓組1,合11500
X/1913,5259,5259,1,628.2-631.5,629.7,5,1371,(),1,629.7,賓組1,合13011,1368,,2,629.4,無1;何組1,合28294,1367,,1,629.3,賓組1,合11500
X/1915,5260,5260,1,628.2-631.5,629.8,5,1371,(),1,629.7,賓組1,合13011,1368,,2,629.4,無1;何組1,合28294,1373,□(雲云),21,630.2,無8;賓組5;歷組1,合14227 合2870 合17072 合13442 合33273 合10405
X/1916,5261,5261,2,628.2-631.5,629.9,5,1371,(),1,629.7,賓組1,合13011,1373,□(雲云),21,630.2,無8;賓組5;歷組1,合14227 合2870 合17072 合13442 合33273 合10405,1368,,2,629.4,無1;何組1,合28294
X/1917,5262,5265,16,628.2-631.5,630.1,5,1373,□(雲云),21,630.2,無8;賓組5;歷組1,合14227 合2870 合17072 合13442 合33273 合10405,1371,(),1,629.7,賓組1,合13011,1368,,2,629.4,無1;何組1,合28294
X/1918,5266,5266,1,628.2-631.5,630.3,5,1373,□(雲云),21,630.2,無8;賓組5;歷組1,合14227 合2870 合17072 合13442 合33273 合10405,1371,(),1,629.7,賓組1,合13011,1368,,2,629.4,無1;何組1,合28294
X/1920,5276,5276,2,628.2-631.5,631.3,5,1373,□(雲云),21,630.2,無8;賓組5;歷組1,合14227 合2870 合17072 合13442 合33273 合10405,1371,(),1,629.7,賓組1,合13011,1368,,2,629.4,無1;何組1,合28294
X/1921,5277,5277,1,628.2-631.5,631.4,5,1373,□(雲云),21,630.2,無8;賓組5;歷組1,合14227 合2870 合17072 合13442 合33273 合10405,1371,(),1,629.7,賓組1,合13011,1368,,2,629.4,無1;何組1,合28294
X/1923,5286,5286,3,631.5-634.3,632.5,6,1377,□(漁),29,632.5,賓組11;無10;歷組2;無名組3;何組1,合8108 合2978 合2977 合2976 合2972 合2996 合2984,1376,(),4,632.3,子組1;賓組2,合22405 合9005 合3130,1375,□,1,632.2,賓組1,合18356
X/1924,5287,5288,5,631.5-634.3,632.7,6,1376,(),4,632.8,子組1;賓組2,合22405 合9005 合3130,1377,□(漁),29,632.5,賓組11;無10;歷組2;無名組3;何組1,合8108 合2978 合2977 合2976 合2972 合2996 合2984,1376,(),4,632.3,子組1;賓組2,合22405 合9005 合3130
X/1925,5289,5289,1,631.5-634.3,632.8,6,1376,(),4,632.8,子組1;賓組2,合22405 合9005 合3130,1377,□(漁),29,633.1,賓組11;無10;歷組2;無名組3;何組1,合8108 合2978 合2977 合2976 合2972 合2996 合2984,1377,□(漁),29,632.5,賓組11;無10;歷組2;無名組3;何組1,合8108 合2978 合2977 合2976 合2972 合2996 合2984
X/1927,5290,5290,2,631.5-634.3,633.0,6,1377,□(漁),29,633.1,賓組11;無10;歷組2;無名組3;何組1,合8108 合2978 合2977 合2976 合2972 合2996 合2984,1376,(),4,632.8,子組1;賓組2,合22405 合9005 合3130,1377,□(漁),29,632.5,賓組11;無10;歷組2;無名組3;何組1,合8108 合2978 合2977 合2976 合2972 合2996 合2984
X/1928,5298,5298,2,631.5-634.3,633.9,6,4117,□(曣),2,634.1,賓組2,合10613 合1248,1377,□(漁),29,633.1,賓組11;無10;歷組2;無名組3;何組1,合8108 合2978 合2977 合2976 合2972 合2996 合2984,1376,(),4,632.8,子組1;賓組2,合22405 合9005 合3130
X/1929,5299,5300,5,631.5-634.3,634.1,6,4117,□(曣),2,634.1,賓組2,合10613 合1248,1377,□(漁),29,633.1,賓組11;無10;歷組2;無名組3;何組1,合8108 合2978 合2977 合2976 合2972 合2996 合2984,1376,(),4,632.8,子組1;賓組2,合22405 合9005 合3130
X/1931,5307,5307,4,634.3-639.4,635.0,9,1849,□(□),1,634.8,賓組1,合8197,1381,,1,635.2,賓組1,合6947,1379,□(),1,634.7,賓組1,合367
X/1932,5308,5308,1,634.3-639.4,635.1,9,1381,,1,635.2,賓組1,合6947,1382,,2,635.3,賓組1;無1,合4654,1849,□(□),1,634.8,賓組1,合8197
X/1933,5309,5309,4,634.3-639.4,635.2,9,1381,,1,635.2,賓組1,合6947,1382,,2,635.3,賓組1;無1,合4654,487,□(羽翼),105,635.5,無34;歷組2;何組2;賓組7;黃組3;出組1;子組1,合32148 合27456 合27456 合28194 合28194 合63 合12346
X/1935,5319,5321,10,634.3-639.4,636.4,9,488,□(翊翌),69,636.7,無名組6;無28;何組7;黃組6;無名黃間1;出組2,合31035 合29021 合30112 合29378 合28759 合27776,3429,□(非),12,637.2,無7;賓組2;何組1;歷組1;子組1,合34707 合4924 合8135 合15836 合26809 合26887,4348,□(非),8,637.2,無名組2;何組1;歷組2;黃組1;無1;賓組1,合31287 合31677 合28299 合34479 合32126 合36922 合16927
X/1936,5322,5324,11,634.3-639.4,636.7,9,488,□(翊翌),69,636.7,無名組6;無28;何組7;黃組6;無名黃間1;出組2,合31035 合29021 合30112 合29378 合28759 合27776,3429,□(非),12,637.2,無7;賓組2;何組1;歷組1;子組1,合34707 合4924 合8135 合15836 合26809 合26887,4348,□(非),8,637.2,無名組2;何組1;歷組2;黃組1;無1;賓組1,合31287 合31677 合28299 合34479 合32126 合36922 合16927
X/1938,5356,5356,1,639.4-641.1,640.4,3,1384,,1,640.4,賓組1,合18782,3924,□(至),3,641.1,子組3,合21731 合21731 合21731,3925,□(至),6,641.1,無3;何組1;無名組1;賓組1,合3091 合27686 合27346 合3332 合28163 合12043
X/1939,5357,5358,7,639.4-641.1,640.6,3,1384,,1,640.4,賓組1,合18782,3924,□(至),3,641.1,子組3,合21731 合21731 合21731,3925,□(至),6,641.1,無3;何組1;無名組1;賓組1,合3091 合27686 合27346 合3332 合28163 合12043
X/1940,5359,5359,1,639.4-641.1,640.7,3,1384,,1,640.4,賓組1,合18782,3924,□(至),3,641.1,子組3,合21731 合21731 合21731,3925,□(至),6,641.1,無3;何組1;無名組1;賓組1,合3091 合27686 合27346 合3332 合28163 合12043
X/1942,5360,5360,1,639.4-641.1,640.9,3,3924,□(至),3,641.1,子組3,合21731 合21731 合21731,3925,□(至),6,641.1,無3;何組1;無名組1;賓組1,合3091 合27686 合27346 合3332 合28163 合12043,1384,,1,640.4,賓組1,合18782
X/1943,5361,5361,1,639.4-641.1,641.0,3,3924,□(至),3,641.1,子組3,合21731 合21731 合21731,3925,□(至),6,641.1,無3;何組1;無名組1;賓組1,合3091 合27686 合27346 合3332 合28163 合12043,1384,,1,640.4,賓組1,合18782
X/1944,5371,5371,2,642.1-642.3,642.2,1,3903,,2,642.2,賓組2,合2783 合2784
X/1945,5386,5386,1,642.3-644.8,644.0,3,1388,□(戶),5,644.3,無4;歷組1,合33098 合32833,1389,(),4,644.5,無1;賓組2,合19361 合8719,1390,(),2,644.7,無1;賓組1,合40303 合18663
X/1946,5389,5389,4,642.3-644.8,644.4,3,1389,(),4,644.5,無1;賓組2,合19361 合8719,1388,□(戶),5,644.3,無4;歷組1,合33098 合32833,1390,(),2,644.7,無1;賓組1,合40303 合18663
X/1947,5390,5390,2,642.3-644.8,644.5,3,1389,(),4,644.5,無1;賓組2,合19361 合8719,1390,(),2,644.7,無1;賓組1,合40303 合18663,1388,□(戶),5,644.3,無4;歷組1,合33098 合32833
X/1948,5391,5391,3,642.3-644.8,644.7,3,1390,(),2,644.7,無1;賓組1,合40303 合18663,1389,(),4,644.5,無1;賓組2,合19361 合8719,1388,□(戶),5,644.3,無4;歷組1,合33098 合32833
X/1949,5399,5399,1,645.6-646.5,645.7,5,1392,(),1,645.7,黃組1,合36773,1789,,1,645.8,賓組1,合8961,1394,,2,646.1,何組2,合26927 合26927
X/1950,5400,5400,1,645.6-646.5,645.9,5,1789,,1,645.8,賓組1,合8961,1392,(),1,645.7,黃組1,合36773,1394,,2,646.1,何組2,合26927 合26927
X/1951,5401,5401,2,645.6-646.5,646.0,5,1394,,2,646.1,何組2,合26927 合26927,1789,,1,645.8,賓組1,合8961,1392,(),1,645.7,黃組1,合36773
X/1952,5402,5402,1,645.6-646.5,646.1,5,1394,,2,646.1,何組2,合26927 合26927,1490,□,1,646.3,出組1,合26065,1393,,1,646.4,無1,
X/1953,5403,5403,2,645.6-646.5,646.2,5,1490,□,1,646.3,出組1,合26065,1394,,2,646.1,何組2,合26927 合26927,1393,,1,646.4,無1,
X/1954,5404,5404,2,645.6-646.5,646.4,5,1393,,1,646.4,無1,,1490,□,1,646.3,出組1,合26065,1394,,2,646.1,何組2,合26927 合26927
X/1956,5439,5439,2,650.6-652.7,651.0,2,1403,,3,651.4,子組3,合22283 合22284 合22282,3270,(),3,651.5,賓組2,合8257 合8256
X/1957,5440,5440,1,650.6-652.7,651.1,2,1403,,3,651.4,子組3,合22283 合22284 合22282,3270,(),3,651.5,賓組2,合8257 合8256
X/1958,5441,5441,3,650.6-652.7,651.2,2,1403,,3,651.4,子組3,合22283 合22284 合22282,3270,(),3,651.5,賓組2,合8257 合8256
X/1959,5442,5442,1,650.6-652.7,651.3,2,1403,,3,651.4,子組3,合22283 合22284 合22282,3270,(),3,651.5,賓組2,合8257 合8256
X/1960,5443,5443,3,650.6-652.7,651.4,2,1403,,3,651.4,子組3,合22283 合22284 合22282,3270,(),3,651.5,賓組2,合8257 合8256
X/1961,5444,5446,9,650.6-652.7,651.7,2,3270,(),3,651.5,賓組2,合8257 合8256,1403,,3,651.4,子組3,合22283 合22284 合22282
X/1973,5600,5600,1,671.6-685.6,671.7,41,1447,妥,13,671.7,賓組4;無6;子組2;黃組1,合4912 合3178 合36548 合22459 合8621 合22135 合3176 合3181,1552,□(綏妥),1,671.7,賓組1,合4912,1433,□(姌),12,672.5,子組1;無4;賓組5,合22099 合15145 合6057 合17509 合17507 合4461
X/1974,5601,5601,2,671.6-685.6,671.8,41,1447,妥,13,671.7,賓組4;無6;子組2;黃組1,合4912 合3178 合36548 合22459 合8621 合22135 合3176 合3181,1552,□(綏妥),1,671.7,賓組1,合4912,1433,□(姌),12,672.5,子組1;無4;賓組5,合22099 合15145 合6057 合17509 合17507 合4461
X/1975,5602,5602,3,671.6-685.6,672.0,41,1447,妥,13,671.7,賓組4;無6;子組2;黃組1,合4912 合3178 合36548 合22459 合8621 合22135 合3176 合3181,1552,□(綏妥),1,671.7,賓組1,合4912,1433,□(姌),12,672.5,子組1;無4;賓組5,合22099 合15145 合6057 合17509 合17507 合4461
X/1976,5603,5608,24,671.6-685.6,672.4,41,1433,□(姌),12,672.5,子組1;無4;賓組5,合22099 合15145 合6057 合17509 合17507 合4461,1495,(),1,672.8,無1,合20002,1447,妥,13,671.7,賓組4;無6;子組2;黃組1,合4912 合3178 合36548 合22459 合8621 合22135 合3176 合3181
X/1977,5609,5610,8,671.6-685.6,672.8,41,1495,(),1,672.8,無1,合20002,1433,□(姌),12,672.5,子組1;無4;賓組5,合22099 合15145 合6057 合17509 合17507 合4461,1456,,1,673.2,賓組1,合8175
X/1979,5611,5611,3,671.6-685.6,673.0,41,1495,(),1,672.8,無1,合20002,1456,,1,673.2,賓組1,合8175,1458,,2,673.3,子組2,合22099 合22099
X/1980,5612,5612,1,671.6-685.6,673.1,41,1456,,1,673.2,賓組1,合8175,1458,,2,673.3,子組2,合22099 合22099,1495,(),1,672.8,無1,合20002
X/1981,5613,5613,2,671.6-685.6,673.2,41,1456,,1,673.2,賓組1,合8175,1458,,2,673.3,子組2,合22099 合22099,1495,(),1,672.8,無1,合20002
X/1982,5614,5614,1,671.6-685.6,673.4,41,1458,,2,673.3,子組2,合22099 合22099,1456,,1,673.2,賓組1,合8175,1495,(),1,672.8,無1,合20002
X/1983,5615,5615,4,671.6-685.6,673.5,41,1458,,2,673.3,子組2,合22099 合22099,1456,,1,673.2,賓組1,合8175,1495,(),1,672.8,無1,合20002
X/1984,5616,5616,1,671.6-685.6,673.6,41,1458,,2,673.3,子組2,合22099 合22099,1456,,1,673.2,賓組1,合8175,1434,姀,3,674.3,賓組2,合7076 合7076
X/1985,5617,5617,2,671.6-685.6,673.7,41,1458,,2,673.3,子組2,合22099 合22099,1456,,1,673.2,賓組1,合8175,1434,姀,3,674.3,賓組2,合7076 合7076
X/1986,5618,5620,9,671.6-685.6,673.9,41,1434,姀,3,674.3,賓組2,合7076 合7076,1458,,2,673.3,子組2,合22099 合22099,1456,,1,673.2,賓組1,合8175
X/1988,5621,5621,4,671.6-685.6,674.2,41,1434,姀,3,674.3,賓組2,合7076 合7076,1448,,1,674.7,子組1,合22269,1449,,1,674.8,子組1,合22235
X/1989,5622,5622,1,671.6-685.6,674.3,41,1434,姀,3,674.3,賓組2,合7076 合7076,1448,,1,674.7,子組1,合22269,1449,,1,674.8,子組1,合22235
X/1990,5623,5623,2,671.6-685.6,674.4,41,1434,姀,3,674.3,賓組2,合7076 合7076,1448,,1,674.7,子組1,合22269,1449,,1,674.8,子組1,合22235
X/1991,5624,5624,1,671.6-685.6,674.5,41,1448,,1,674.7,子組1,合22269,1434,姀,3,674.3,賓組2,合7076 合7076,1449,,1,674.8,子組1,合22235
X/1992,5625,5625,1,671.6-685.6,674.6,41,1448,,1,674.7,子組1,合22269,1449,,1,674.8,子組1,合22235,1434,姀,3,674.3,賓組2,合7076 合7076
X/1993,5626,5628,9,671.6-685.6,674.9,41,1449,,1,674.8,子組1,合22235,1448,,1,674.7,子組1,合22269,1450,,8,675.1,賓組8,合1127 合1122 合1129 合1123 合1124 合1126 合1125 合1121
X/1994,5629,5629,4,671.6-685.6,675.1,41,1450,,8,675.1,賓組8,合1127 合1122 合1129 合1123 合1124 合1126 合1125 合1121,1451,,4,675.4,賓組2;無1,合18043 合18044,1449,,1,674.8,子組1,合22235
X/1996,5630,5630,2,671.6-685.6,675.2,41,1450,,8,675.1,賓組8,合1127 合1122 合1129 合1123 合1124 合1126 合1125 合1121,1451,,4,675.4,賓組2;無1,合18043 合18044,1454,,1,675.6,無1,
X/1997,5631,5631,1,671.6-685.6,675.3,41,1451,,4,675.4,賓組2;無1,合18043 合18044,1450,,8,675.1,賓組8,合1127 合1122 合1129 合1123 合1124 合1126 合1125 合1121,1454,,1,675.6,無1,
X/1998,5632,5633,5,671.6-685.6,675.5,41,1454,,1,675.6,無1,,1451,,4,675.4,賓組2;無1,合18043 合18044,1450,,8,675.1,賓組8,合1127 合1122 合1129 合1123 合1124 合1126 合1125 合1121
X/1999,5634,5634,1,671.6-685.6,675.7,41,1454,,1,675.6,無1,,1451,,4,675.4,賓組2;無1,合18043 合18044,1453,姃,3,676.1,無1;賓組2,合13865 合7145 合2803
X/2000,5635,5635,1,671.6-685.6,675.8,41,1454,,1,675.6,無1,,1453,姃,3,676.1,無1;賓組2,合13865 合7145 合2803,1451,,4,675.4,賓組2;無1,合18043 合18044
X/2001,5636,5636,1,671.6-685.6,675.9,41,1453,姃,3,676.1,無1;賓組2,合13865 合7145 合2803,1454,,1,675.6,無1,,1465,,1,676.3,子組1,合22246
X/2002,5637,5643,28,671.6-685.6,676.4,41,1610,(),22,676.4,無13;賓組5,合14079 合454 合717 合14103 合14041 合12018 合1384 合14067,1465,,1,676.3,子組1,合22246,1453,姃,3,676.1,無1;賓組2,合13865 合7145 合2803
X/2004,5644,5644,2,671.6-685.6,676.9,41,1610,(),22,676.4,無13;賓組5,合14079 合454 合717 合14103 合14041 合12018 合1384 合14067,1465,,1,676.3,子組1,合22246,1463,,1,677.5,黃組1,合38245
X/2005,5645,5645,1,671.6-685.6,677.0,41,1463,,1,677.5,黃組1,合38245,1610,(),22,676.4,無13;賓組5,合14079 合454 合717 合14103 合14041 合12018 合1384 合14067,1465,,1,676.3,子組1,合22246
X/2006,5646,5646,1,671.6-685.6,677.1,41,1463,,1,677.5,黃組1,合38245,1466,,1,677.7,黃組1,合36961,1610,(),22,676.4,無13;賓組5,合14079 合454 合717 合14103 合14041 合12018 合1384 合14067
X/2007,5647,5647,2,671.6-685.6,677.2,41,1463,,1,677.5,黃組1,合38245,1466,,1,677.7,黃組1,合36961,1610,(),22,676.4,無13;賓組5,合14079 合454 合717 合14103 合14041 合12018 合1384 合14067
X/2008,5648,5648,1,671.6-685.6,677.3,41,1463,,1,677.5,黃組1,合38245,1466,,1,677.7,黃組1,合36961,1469,,15,678.1,賓組12;無3,合9608 合10315 合900 合900反 合10136 合13505 合900 合418
X/2009,5649,5650,5,671.6-685.6,677.5,41,1463,,1,677.5,黃組1,合38245,1466,,1,677.7,黃組1,合36961,1469,,15,678.1,賓組12;無3,合9608 合10315 合900 合900反 合10136 合13505 合900 合418
X/2011,5651,5654,14,671.6-685.6,677.8,41,1466,,1,677.7,黃組1,合36961,1469,,15,678.1,賓組12;無3,合9608 合10315 合900 合900反 合10136 合13505 合900 合418,1463,,1,677.5,黃組1,合38245
X/2012,5655,5655,2,671.6-685.6,678.1,41,1469,,15,678.1,賓組12;無3,合9608 合10315 合900 合900反 合10136 合13505 合900 合418,1470,嬉,2,678.5,賓組2,合3097 合2726,1466,,1,677.7,黃組1,合36961
X/2013,5656,5656,4,671.6-685.6,678.2,41,1469,,15,678.1,賓組12;無3,合9608 合10315 合900 合900反 合10136 合13505 合900 合418,1470,嬉,2,678.5,賓組2,合3097 合2726,1466,,1,677.7,黃組1,合36961
X/2014,5657,5657,2,671.6-685.6,678.4,41,1470,嬉,2,678.5,賓組2,合3097 合2726,1469,,15,678.1,賓組12;無3,合9608 合10315 合900 合900反 合10136 合13505 合900 合418,1473,,7,678.8,賓組7,合1131 合1130 合9177 合1132 合1130 合1121 合1125
X/2015,5658,5660,9,671.6-685.6,678.6,41,1470,嬉,2,678.5,賓組2,合3097 合2726,1473,,7,678.8,賓組7,合1131 合1130 合9177 合1132 合1130 合1121 合1125,1469,,15,678.1,賓組12;無3,合9608 合10315 合900 合900反 合10136 合13505 合900 合418
X/2017,5661,5661,1,671.6-685.6,678.8,41,1473,,7,678.8,賓組7,合1131 合1130 合9177 合1132 合1130 合1121 合1125,1470,嬉,2,678.5,賓組2,合3097 合2726,1475,,1,679.3,無1,合18050
X/2018,5662,5662,1,671.6-685.6,679.0,41,1473,,7,678.8,賓組7,合1131 合1130 合9177 合1132 合1130 合1121 合1125,1475,,1,679.3,無1,合18050,1476,,1,679.4,子組1,合22099
X/2019,5663,5663,2,671.6-685.6,679.1,41,1475,,1,679.3,無1,合18050,1473,,7,678.8,賓組7,合1131 合1130 合9177 合1132 合1130 合1121 合1125,1476,,1,679.4,子組1,合22099
X/2020,5664,5664,1,671.6-685.6,679.2,41,1475,,1,679.3,無1,合18050,1476,,1,679.4,子組1,合22099,1477,,2,679.5,子組1;賓組1,合22370 合2815
X/2021,5665,5665,1,671.6-685.6,679.3,41,1475,,1,679.3,無1,合18050,1476,,1,679.4,子組1,合22099,1477,,2,679.5,子組1;賓組1,合22370 合2815
X/2022,5666,5667,6,671.6-685.6,679.5,41,1477,,2,679.5,子組1;賓組1,合22370 合2815,1476,,1,679.4,子組1,合22099,1479,,1,679.6,賓組1,合11496
X/2023,5668,5668,2,671.6-685.6,679.6,41,1479,,1,679.6,賓組1,合11496,1477,,2,679.5,子組1;賓組1,合22370 合2815,1476,,1,679.4,子組1,合22099
X/2024,5669,5669,2,671.6-685.6,679.8,41,1479,,1,679.6,賓組1,合11496,1477,,2,679.5,子組1;賓組1,合22370 合2815,1482,(),2,680.1,賓組1;無1,合18041 合20006
X/2026,5670,5670,2,671.6-685.6,679.9,41,1482,(),2,680.1,賓組1;無1,合18041 合20006,1479,,1,679.6,賓組1,合11496,1483,嫀,2,680.2,賓組2,合1086 合1086
X/2027,5671,5671,4,671.6-685.6,680.0,41,1482,(),2,680.1,賓組1;無1,合18041 合20006,1483,嫀,2,680.2,賓組2,合1086 合1086,1484,,2,680.3,子組2,合22246 合22247
X/2028,5672,5672,1,671.6-685.6,680.1,41,1482,(),2,680.1,賓組1;無1,合18041 合20006,1483,嫀,2,680.2,賓組2,合1086 合1086,1484,,2,680.3,子組2,合22246 合22247
X/2029,5673,5673,1,671.6-685.6,680.2,41,1483,嫀,2,680.2,賓組2,合1086 合1086,1484,,2,680.3,子組2,合22246 合22247,1482,(),2,680.1,賓組1;無1,合18041 合20006
X/2030,5674,5674,1,671.6-685.6,680.4,41,1485,,5,680.4,賓組2;午組1;無2,合18067 合22098 合1699 合10816,1484,,2,680.3,子組2,合22246 合22247,1483,嫀,2,680.2,賓組2,合1086 合1086
X/2031,5675,5677,10,671.6-685.6,680.6,41,1489,,1,680.6,無1,,1487,,1,680.5,賓組1,合13220,1491,,2,680.7,賓組2,合18066 合1139
X/2032,5678,5678,1,671.6-685.6,680.8,41,1493,,7,680.8,子組6;歷組1,合22261 合22256 合22215 合22260 合20589 合22259 合32301,1491,,2,680.7,賓組2,合18066 合1139,1489,,1,680.6,無1,
X/2033,5679,5679,2,671.6-685.6,680.9,41,1493,,7,680.8,子組6;歷組1,合22261 合22256 合22215 合22260 合20589 合22259 合32301,1491,,2,680.7,賓組2,合18066 合1139,1489,,1,680.6,無1,
X/2035,5680,5680,3,671.6-685.6,681.1,41,1493,,7,680.8,子組6;歷組1,合22261 合22256 合22215 合22260 合20589 合22259 合32301,1459,,1,681.4,,,1491,,2,680.7,賓組2,合18066 合1139
X/2036,5681,5683,9,671.6-685.6,681.3,41,1459,,1,681.4,,,1496,,4,681.5,無3;賓組1,合2788 合3261 合40510,1497,,4,681.6,賓組2,合2784 合2783
X/2037,5684,5686,12,671.6-685.6,681.6,41,1497,,4,681.6,賓組2,合2784 合2783,1496,,4,681.5,無3;賓組1,合2788 合3261 合40510,1459,,1,681.4,,
X/2038,5687,5687,1,671.6-685.6,681.9,41,1418,,10,682.1,子組1;賓組7;無2,合22460 合2865 合6198 合6200 合2866 合6199 合2869,1497,,4,681.6,賓組2,合2784 合2783,1496,,4,681.5,無3;賓組1,合2788 合3261 合40510
X/2039,5688,5689,7,671.6-685.6,682.0,41,1418,,10,682.1,子組1;賓組7;無2,合22460 合2865 合6198 合6200 合2866 合6199 合2869,1497,,4,681.6,賓組2,合2784 合2783,1496,,4,681.5,無3;賓組1,合2788 合3261 合40510
X/2040,5690,5690,1,671.6-685.6,682.2,41,1418,,10,682.1,子組1;賓組7;無2,合22460 合2865 合6198 合6200 合2866 合6199 合2869,1497,,4,681.6,賓組2,合2784 合2783,1496,,4,681.5,無3;賓組1,合2788 合3261 合40510
X/2041,5691,5691,1,671.6-685.6,682.3,41,1418,,10,682.1,子組1;賓組7;無2,合22460 合2865 合6198 合6200 合2866 合6199 合2869,1497,,4,681.6,賓組2,合2784 合2783,1496,,4,681.5,無3;賓組1,合2788 合3261 合40510
X/2042,5692,5692,2,671.6-685.6,682.5,41,1418,,10,682.1,子組1;賓組7;無2,合22460 合2865 合6198 合6200 合2866 合6199 合2869,1497,,4,681.6,賓組2,合2784 合2783,4286,,1,683.4,賓組1,合14588
X/2043,5693,5693,2,671.6-685.6,682.6,41,1418,,10,682.1,子組1;賓組7;無2,合22460 合2865 合6198 合6200 合2866 合6199 合2869,4286,,1,683.4,賓組1,合14588,1497,,4,681.6,賓組2,合2784 合2783
X/2044,5694,5694,1,671.6-685.6,682.7,41,1418,,10,682.1,子組1;賓組7;無2,合22460 合2865 合6198 合6200 合2866 合6199 合2869,4286,,1,683.4,賓組1,合14588,1790,,7,683.7,賓組4;無3,合6826反 合17390 合18046 合17390 合17407反
X/2045,5695,5695,1,671.6-685.6,682.8,41,4286,,1,683.4,賓組1,合14588,1418,,10,682.1,子組1;賓組7;無2,合22460 合2865 合6198 合6200 合2866 合6199 合2869,1790,,7,683.7,賓組4;無3,合6826反 合17390 合18046 合17390 合17407反
X/2046,5696,5696,1,671.6-685.6,682.9,41,4286,,1,683.4,賓組1,合14588,1790,,7,683.7,賓組4;無3,合6826反 合17390 合18046 合17390 合17407反,1418,,10,682.1,子組1;賓組7;無2,合22460 合2865 合6198 合6200 合2866 合6199 合2869
X/2047,5697,5697,1,671.6-685.6,683.0,41,4286,,1,683.4,賓組1,合14588,1790,,7,683.7,賓組4;無3,合6826反 合17390 合18046 合17390 合17407反,1418,,10,682.1,子組1;賓組7;無2,合22460 合2865 合6198 合6200 合2866 合6199 合2869
X/2048,5698,5698,2,671.6-685.6,683.1,41,4286,,1,683.4,賓組1,合14588,1790,,7,683.7,賓組4;無3,合6826反 合17390 合18046 合17390 合17407反,1418,,10,682.1,子組1;賓組7;無2,合22460 合2865 合6198 合6200 合2866 合6199 合2869
X/2049,5699,5699,2,671.6-685.6,683.3,41,4286,,1,683.4,賓組1,合14588,1790,,7,683.7,賓組4;無3,合6826反 合17390 合18046 合17390 合17407反,1418,,10,682.1,子組1;賓組7;無2,合22460 合2865 合6198 合6200 合2866 合6199 合2869
X/2051,5700,5700,2,671.6-685.6,683.4,41,4286,,1,683.4,賓組1,合14588,1790,,7,683.7,賓組4;無3,合6826反 合17390 合18046 合17390 合17407反,1418,,10,682.1,子組1;賓組7;無2,合22460 合2865 合6198 合6200 合2866 合6199 合2869
X/2052,5701,5701,1,671.6-685.6,683.5,41,4286,,1,683.4,賓組1,合14588,1790,,7,683.7,賓組4;無3,合6826反 合17390 合18046 合17390 合17407反,1418,,10,682.1,子組1;賓組7;無2,合22460 合2865 合6198 合6200 合2866 合6199 合2869
X/2053,5702,5702,3,671.6-685.6,683.6,41,1790,,7,683.7,賓組4;無3,合6826反 合17390 合18046 合17390 合17407反,4286,,1,683.4,賓組1,合14588,1418,,10,682.1,子組1;賓組7;無2,合22460 合2865 合6198 合6200 合2866 合6199 合2869
X/2054,5703,5703,1,671.6-685.6,683.7,41,1790,,7,683.7,賓組4;無3,合6826反 合17390 合18046 合17390 合17407反,4286,,1,683.4,賓組1,合14588,1494,(),1,685.3,何組1,合32612
X/2055,5704,5704,2,671.6-685.6,683.9,41,1790,,7,683.7,賓組4;無3,合6826反 合17390 合18046 合17390 合17407反,4286,,1,683.4,賓組1,合14588,1494,(),1,685.3,何組1,合32612
X/2056,5705,5705,1,671.6-685.6,684.0,41,1790,,7,683.7,賓組4;無3,合6826反 合17390 合18046 合17390 合17407反,4286,,1,683.4,賓組1,合14588,1494,(),1,685.3,何組1,合32612
X/2057,5706,5706,1,671.6-685.6,684.1,41,1790,,7,683.7,賓組4;無3,合6826反 合17390 合18046 合17390 合17407反,4286,,1,683.4,賓組1,合14588,1494,(),1,685.3,何組1,合32612
X/2058,5707,5707,1,671.6-685.6,684.2,41,1790,,7,683.7,賓組4;無3,合6826反 合17390 合18046 合17390 合17407反,4286,,1,683.4,賓組1,合14588,1494,(),1,685.3,何組1,合32612
X/2059,5708,5708,1,671.6-685.6,684.3,41,1790,,7,683.7,賓組4;無3,合6826反 合17390 合18046 合17390 合17407反,4286,,1,683.4,賓組1,合14588,1494,(),1,685.3,何組1,合32612
X/2060,5709,5709,1,671.6-685.6,684.4,41,1790,,7,683.7,賓組4;無3,合6826反 合17390 合18046 合17390 合17407反,1494,(),1,685.3,何組1,合32612,1460,,1,685.4,無1,
X/2061,5710,5710,3,671.6-685.6,684.6,41,1494,(),1,685.3,何組1,合32612,1460,,1,685.4,無1,,1790,,7,683.7,賓組4;無3,合6826反 合17390 合18046 合17390 合17407反
X/2062,5711,5711,2,671.6-685.6,684.7,41,1494,(),1,685.3,何組1,合32612,1460,,1,685.4,無1,,1461,,1,685.5,無1,合17514
X/2063,5712,5712,1,671.6-685.6,684.8,41,1494,(),1,685.3,何組1,合32612,1460,,1,685.4,無1,,1461,,1,685.5,無1,合17514
X/2064,5713,5713,3,671.6-685.6,684.9,41,1494,(),1,685.3,何組1,合32612,1460,,1,685.4,無1,,1461,,1,685.5,無1,合17514
X/2065,5714,5714,2,671.6-685.6,685.0,41,1494,(),1,685.3,何組1,合32612,1460,,1,685.4,無1,,1461,,1,685.5,無1,合17514
X/2066,5715,5715,1,671.6-685.6,685.1,41,1494,(),1,685.3,何組1,合32612,1460,,1,685.4,無1,,1461,,1,685.5,無1,合17514
X/2067,5716,5716,1,671.6-685.6,685.2,41,1494,(),1,685.3,何組1,合32612,1460,,1,685.4,無1,,1461,,1,685.5,無1,合17514
X/2068,5717,5717,1,671.6-685.6,685.4,41,1460,,1,685.4,無1,,1494,(),1,685.3,何組1,合32612,1461,,1,685.5,無1,合17514
X/2069,5718,5718,1,671.6-685.6,685.5,41,1461,,1,685.5,無1,合17514,1460,,1,685.4,無1,,1494,(),1,685.3,何組1,合32612
X/2072,5754,5758,20,689.1-690.7,690.4,1,4691,□(戎),1,689.1,賓組1,合7768
X/2075,5794,5794,3,694.4-696.2,694.6,6,1515,,2,694.7,午組1,合21163,1517,,1,695.1,午組1,合22047,1518,,1,695.2,,
X/2076,5795,5795,2,694.4-696.2,694.8,6,1515,,2,694.7,午組1,合21163,1517,,1,695.1,午組1,合22047,1518,,1,695.2,,
X/2077,5796,5796,1,694.4-696.2,694.9,6,1515,,2,694.7,午組1,合21163,1517,,1,695.1,午組1,合22047,1518,,1,695.2,,
X/2078,5797,5797,1,694.4-696.2,695.0,6,1517,,1,695.1,午組1,合22047,1518,,1,695.2,,,1515,,2,694.7,午組1,合21163
X/2079,5798,5798,2,694.4-696.2,695.1,6,1517,,1,695.1,午組1,合22047,1518,,1,695.2,,,1520,,2,695.3,賓組1;無1,合88
X/2080,5799,5799,1,694.4-696.2,695.2,6,1518,,1,695.2,,,1520,,2,695.3,賓組1;無1,合88,1517,,1,695.1,午組1,合22047
X/2081,5801,5801,2,694.4-696.2,695.5,6,1521,,1,695.4,無名組1,合30547,1522,,1,695.6,賓組1,合199,1520,,2,695.3,賓組1;無1,合88
X/2082,5802,5802,1,694.4-696.2,695.6,6,1522,,1,695.6,賓組1,合199,1521,,1,695.4,無名組1,合30547,1520,,2,695.3,賓組1;無1,合88
X/2083,5803,5803,1,694.4-696.2,695.7,6,1522,,1,695.6,賓組1,合199,1521,,1,695.4,無名組1,合30547,1520,,2,695.3,賓組1;無1,合88
X/2084,5804,5806,12,694.4-696.2,696.0,6,1522,,1,695.6,賓組1,合199,1521,,1,695.4,無名組1,合30547,1520,,2,695.3,賓組1;無1,合88
X/2085,5817,5820,14,696.2-697.2,697.0,0
X/2086,5832,5832,1,698.3-699.3,698.6,1,1528,(),1,698.7,賓組1,合6057
X/2087,5833,5833,1,698.3-699.3,698.7,1,1528,(),1,698.7,賓組1,合6057
X/2088,5834,5834,1,698.3-699.3,698.9,1,1528,(),1,698.7,賓組1,合6057
X/2089,5873,5873,3,699.8-704.2,703.9,12,1535,,4,704.1,黃組3;無1,合37468 合36641 合3379 合3379,1538,,4,703.7,賓組3;無1,合474 合15949 合474 合39992,1539,,1,703.6,賓組1,合1161
X/2090,5874,5874,1,699.8-704.2,704.1,12,1535,,4,704.1,黃組3;無1,合37468 合36641 合3379 合3379,1538,,4,703.7,賓組3;無1,合474 合15949 合474 合39992,1539,,1,703.6,賓組1,合1161
X/2091,5882,5882,3,704.2-705.2,704.8,1,1855,□(曲),1,705.1,賓間1,合1022甲
X/2092,5883,5884,6,704.2-705.2,705.0,1,1855,□(曲),1,705.1,賓間1,合1022甲
X/2093,5885,5885,1,704.2-705.2,705.1,1,1855,□(曲),1,705.1,賓間1,合1022甲
X/2094,5889,5891,12,705.2-706.5,705.9,1,774,(),3,706.4,歷組3,合33083 合33084 合33082
X/2095,5892,5892,3,705.2-706.5,706.3,1,774,(),3,706.4,歷組3,合33083 合33084 合33082
X/2096,5913,5913,3,708.4-711.3,709.2,4,1584,□(恆亙),11,709.3,無6;賓組4,合14764 合14768 合14766 合14767 合14763 合14765 合18478反 合14760,1545,□(□),39,709.7,無名組6;無17;歷組13;賓組1,合28110 合32406 合27108 合25361 合32623 合31944 合31187 合35278,3427,□(發),1,708.4,,
X/2097,5914,5914,2,708.4-711.3,709.3,4,1584,□(恆亙),11,709.3,無6;賓組4,合14764 合14768 合14766 合14767 合14763 合14765 合18478反 合14760,1545,□(□),39,709.7,無名組6;無17;歷組13;賓組1,合28110 合32406 合27108 合25361 合32623 合31944 合31187 合35278,3427,□(發),1,708.4,,
X/2098,5915,5916,5,708.4-711.3,709.5,4,1545,□(□),39,709.7,無名組6;無17;歷組13;賓組1,合28110 合32406 合27108 合25361 合32623 合31944 合31187 合35278,1584,□(恆亙),11,709.3,無6;賓組4,合14764 合14768 合14766 合14767 合14763 合14765 合18478反 合14760,3427,□(發),1,708.4,,
X/2099,5917,5917,2,708.4-711.3,709.7,4,1545,□(□),39,709.7,無名組6;無17;歷組13;賓組1,合28110 合32406 合27108 合25361 合32623 合31944 合31187 合35278,1584,□(恆亙),11,709.3,無6;賓組4,合14764 合14768 合14766 合14767 合14763 合14765 合18478反 合14760,3427,□(發),1,708.4,,
X/2100,5958,5961,14,715.2-717.5,716.2,8,1556,,9,716.3,無1;賓組1;歷組2,合20090 合3358 合34256 合33241,669,(),4,715.8,無1,合9381,670,(),4,715.8,賓組2;無名組1;無1,合4489 合31812 合8360 合20370
X/2101,5962,5962,2,715.2-717.5,716.5,8,1557,,2,716.6,歷組2,合32050 合32049,1556,,9,716.3,無1;賓組1;歷組2,合20090 合3358 合34256 合33241,1558,,1,716.7,賓組1,合2857
X/2102,5963,5963,4,715.2-717.5,716.6,8,1557,,2,716.6,歷組2,合32050 合32049,1558,,1,716.7,賓組1,合2857,1562,(),4,716.8,賓組2;無1,合18598 合9002
X/2103,5964,5967,13,715.2-717.5,716.9,8,1562,(),4,716.8,賓組2;無1,合18598 合9002,1558,,1,716.7,賓組1,合2857,1557,,2,716.6,歷組2,合32050 合32049
X/2104,5968,5968,1,715.2-717.5,717.2,8,4451,,2,717.4,無1;黃組1,合36938,1562,(),4,716.8,賓組2;無1,合18598 合9002,1558,,1,716.7,賓組1,合2857
X/2106,5985,5985,3,717.6-718.4,718.2,0
X/2107,5986,5986,3,717.6-718.4,718.3,0
X/2108,5991,5991,2,718.4-719.3,719.1,1,1064,(),5,719.1,無名組2;無2,合28799 合28353 合29248
X/2109,5999,6008,39,719.8-723.3,720.7,3,411,求(蛷),39,720.3,賓組14;無19;子組2;出組2;歷組1,合16962 合16951 合9273 合1735 合924 合22324 合24358,1572,□(□),11,722.4,賓組5;無4;子組1,合14703 合14703 合14697 合14702 合30762 合21905 合14700,1792,,4,722.8,賓組2;無2,合10229反 合13753 合40050
X/2110,6009,6012,13,719.8-723.3,721.7,3,1572,□(□),11,722.4,賓組5;無4;子組1,合14703 合14703 合14697 合14702 合30762 合21905 合14700,1792,,4,722.8,賓組2;無2,合10229反 合13753 合40050,411,求(蛷),39,720.3,賓組14;無19;子組2;出組2;歷組1,合16962 合16951 合9273 合1735 合924 合22324 合24358
X/2111,6017,6018,5,719.8-723.3,722.7,3,1792,,4,722.8,賓組2;無2,合10229反 合13753 合40050,1572,□(□),11,722.4,賓組5;無4;子組1,合14703 合14703 合14697 合14702 合30762 合21905 合14700,411,求(蛷),39,720.3,賓組14;無19;子組2;出組2;歷組1,合16962 合16951 合9273 合1735 合924 合22324 合24358
X/2112,6019,6019,2,719.8-723.3,722.9,3,1792,,4,722.8,賓組2;無2,合10229反 合13753 合40050,1572,□(□),11,722.4,賓組5;無4;子組1,合14703 合14703 合14697 合14702 合30762 合21905 合14700,411,求(蛷),39,720.3,賓組14;無19;子組2;出組2;歷組1,合16962 合16951 合9273 合1735 合924 合22324 合24358
X/2113,6020,6020,1,719.8-723.3,723.0,3,1792,,4,722.8,賓組2;無2,合10229反 合13753 合40050,1572,□(□),11,722.4,賓組5;無4;子組1,合14703 合14703 合14697 合14702 合30762 合21905 合14700,411,求(蛷),39,720.3,賓組14;無19;子組2;出組2;歷組1,合16962 合16951 合9273 合1735 合924 合22324 合24358
X/2114,6021,6021,2,719.8-723.3,723.2,3,1792,,4,722.8,賓組2;無2,合10229反 合13753 合40050,1572,□(□),11,722.4,賓組5;無4;子組1,合14703 合14703 合14697 合14702 合30762 合21905 合14700,411,求(蛷),39,720.3,賓組14;無19;子組2;出組2;歷組1,合16962 合16951 合9273 合1735 合924 合22324 合24358
X/2115,6026,6027,7,723.3-724.5,723.8,1,1596,(),6,723.7,賓組2;無2;無名組1;黃組1,合9002 合38460 合18733 合22136 合21116 合37386
X/2116,6036,6036,1,724.5-725.5,724.8,1,1580,,1,725.3,賓組1,合8811
X/2117,6037,6037,4,724.5-725.5,724.9,1,1580,,1,725.3,賓組1,合8811
X/2118,6038,6038,1,724.5-725.5,725.0,1,1580,,1,725.3,賓組1,合8811
X/2119,6039,6039,1,724.5-725.5,725.0,1,1580,,1,725.3,賓組1,合8811
X/2120,6040,6040,2,724.5-725.5,725.1,1,1580,,1,725.3,賓組1,合8811
X/2121,6041,6041,1,724.5-725.5,725.2,1,1580,,1,725.3,賓組1,合8811
X/2122,6042,6043,8,724.5-725.5,725.3,1,1580,,1,725.3,賓組1,合8811
X/2123,6044,6044,1,724.5-725.5,725.4,1,1580,,1,725.3,賓組1,合8811
X/2124,6092,6092,1,730.8-734.3,731.8,6,920,□(塞□),1,732.2,無名組1,合29365,684,□(□□),23,731.3,無15;組1;賓組2;無名組4,合20571 合30198 合13514 合13515 合4864 合9638 合6169 合29799,3891,□(圭),8,732.3,賓組2;無4;歷組1,合11006 合11006 合21310 合33085 合1950 合24368
X/2125,6099,6099,1,730.8-734.3,732.7,6,3891,□(圭),8,732.3,賓組2;無4;歷組1,合11006 合11006 合21310 合33085 合1950 合24368,920,□(塞□),1,732.2,無名組1,合29365,1595,(),8,733.7,無2;無名組5,合33363 合30273 合27310 合31136 合30266 合30278
X/2126,6100,6108,33,730.8-734.3,733.3,6,1595,(),8,733.7,無2;無名組5,合33363 合30273 合27310 合31136 合30266 合30278,873,□(□),7,734.1,何組5;出組1;無1,合29418 合24506 合28195 合28196 合28195 合27721,3891,□(圭),8,732.3,賓組2;無4;歷組1,合11006 合11006 合21310 合33085 合1950 合24368
X/2127,6109,6109,1,730.8-734.3,733.9,6,873,□(□),7,734.1,何組5;出組1;無1,合29418 合24506 合28195 合28196 合28195 合27721,1595,(),8,733.7,無2;無名組5,合33363 合30273 合27310 合31136 合30266 合30278,3891,□(圭),8,732.3,賓組2;無4;歷組1,合11006 合11006 合21310 合33085 合1950 合24368
X/2128,6110,6110,1,730.8-734.3,734.0,6,873,□(□),7,734.1,何組5;出組1;無1,合29418 合24506 合28195 合28196 合28195 合27721,1595,(),8,733.7,無2;無名組5,合33363 合30273 合27310 合31136 合30266 合30278,3891,□(圭),8,732.3,賓組2;無4;歷組1,合11006 合11006 合21310 合33085 合1950 合24368
X/2129,6111,6111,1,730.8-734.3,734.2,6,873,□(□),7,734.1,何組5;出組1;無1,合29418 合24506 合28195 合28196 合28195 合27721,1595,(),8,733.7,無2;無名組5,合33363 合30273 合27310 合31136 合30266 合30278,3891,□(圭),8,732.3,賓組2;無4;歷組1,合11006 合11006 合21310 合33085 合1950 合24368
X/2131,6152,6152,1,737.8-740.5,738.8,4,1604,□(畯),7,738.5,賓組5;出組1;無1,合5606 合5609 合3019 合5607 合5608 合23560,1605,□(□),1,739.1,無1,合40021,1253,□(黃交),6,739.2,歷組3;無2;賓組1,合32509 合32509 合32509 合20799 合15667
X/2133,6163,6163,2,737.8-740.5,740.1,4,1253,□(黃交),6,739.2,歷組3;無2;賓組1,合32509 合32509 合32509 合20799 合15667,1606,□(黃),20,739.2,何組2;賓組6;午組1;無11,合29687 合14210 合22088 合5658反 合6121 合3465 合3475 合29544,1605,□(□),1,739.1,無1,合40021
X/2134,6164,6164,1,737.8-740.5,740.3,4,1253,□(黃交),6,739.2,歷組3;無2;賓組1,合32509 合32509 合32509 合20799 合15667,1606,□(黃),20,739.2,何組2;賓組6;午組1;無11,合29687 合14210 合22088 合5658反 合6121 合3465 合3475 合29544,1605,□(□),1,739.1,無1,合40021
X/2135,6165,6165,1,737.8-740.5,740.4,4,1253,□(黃交),6,739.2,歷組3;無2;賓組1,合32509 合32509 合32509 合20799 合15667,1606,□(黃),20,739.2,何組2;賓組6;午組1;無11,合29687 合14210 合22088 合5658反 合6121 合3465 合3475 合29544,1605,□(□),1,739.1,無1,合40021
X/2136,6178,6178,1,740.7-743.6,741.3,2,1613,□(劦),31,741.3,無名組4;無15;何組2;歷組1;賓組6;出組1,合27641 合32351 合26992 合34944 合27044 合27338 合30852,3401,□(鑄),1,743.6,何組1,合29687
X/2137,6179,6179,2,740.7-743.6,741.4,2,1613,□(劦),31,741.3,無名組4;無15;何組2;歷組1;賓組6;出組1,合27641 合32351 合26992 合34944 合27044 合27338 合30852,3401,□(鑄),1,743.6,何組1,合29687
X/2140,6228,6228,4,743.7-746.4,745.4,3,15,□(祖沮且),1,745.6,無1,合379,1618,□(且),28,745.6,無15;組1;子組2;午組2;賓組4;歷組1;黃組1,合21106 合32632 合1567 合20576 合21541 合1646反 合22079,3661,□(鑿),16,744.1,賓組6;無8;黃組1;出組1,合522 合8097 合201 合17281 合39466 合13444 合6063
X/2143,6243,6243,2,746.6-748.3,747.5,2,1624,肵,1,747.5,賓組1,合8833,1625,,12,747.6,無7;賓組3;午組1;何組1,合4806 合4799 合4809 合8398 合4807 合5614 合22106
X/2144,6244,6248,18,746.6-748.3,747.9,2,1625,,12,747.6,無7;賓組3;午組1;何組1,合4806 合4799 合4809 合8398 合4807 合5614 合22106,1624,肵,1,747.5,賓組1,合8833
X/2146,6253,6253,1,748.6-748.8,748.7,0
X/2147,6267,6267,1,751.1-752.5,751.2,1,1631,□(□),27,751.3,無14;賓組5;黃組2;何組1;出組2;歷組1,合20270 合20159 合30006 合5566 合29961 合21741 合2641 合3289
X/2149,6281,6284,14,752.5-756.1,753.1,7,1633,,15,753.4,黃組7;無7;歷組1,合36959 合36525 合27941 合36809 合36493 合35804 合36913,1636,,4,754.2,何組1;賓組3,合31233 合18750 合18749 合7345,1634,,2,754.3,無1;賓組1,合3879
X/2150,6285,6288,14,752.5-756.1,753.6,7,1633,,15,753.4,黃組7;無7;歷組1,合36959 合36525 合27941 合36809 合36493 合35804 合36913,1636,,4,754.2,何組1;賓組3,合31233 合18750 合18749 合7345,1634,,2,754.3,無1;賓組1,合3879
X/2151,6289,6289,2,752.5-756.1,754.0,7,1636,,4,754.2,何組1;賓組3,合31233 合18750 合18749 合7345,1634,,2,754.3,無1;賓組1,合3879,1633,,15,753.4,黃組7;無7;歷組1,合36959 合36525 合27941 合36809 合36493 合35804 合36913
X/2153,6290,6290,4,752.5-756.1,754.1,7,1636,,4,754.2,何組1;賓組3,合31233 合18750 合18749 合7345,1634,,2,754.3,無1;賓組1,合3879,234,□(征),1,754.6,無1,
X/2154,6291,6291,1,752.5-756.1,754.2,7,1636,,4,754.2,何組1;賓組3,合31233 合18750 合18749 合7345,1634,,2,754.3,無1;賓組1,合3879,234,□(征),1,754.6,無1,
X/2155,6292,6292,1,752.5-756.1,754.4,7,1634,,2,754.3,無1;賓組1,合3879,1636,,4,754.2,何組1;賓組3,合31233 合18750 合18749 合7345,234,□(征),1,754.6,無1,
X/2156,6293,6293,4,752.5-756.1,754.5,7,234,□(征),1,754.6,無1,,1634,,2,754.3,無1;賓組1,合3879,1636,,4,754.2,何組1;賓組3,合31233 合18750 合18749 合7345
X/2157,6294,6294,3,752.5-756.1,754.6,7,234,□(征),1,754.6,無1,,1634,,2,754.3,無1;賓組1,合3879,1636,,4,754.2,何組1;賓組3,合31233 合18750 合18749 合7345
X/2158,6295,6295,1,752.5-756.1,754.8,7,234,□(征),1,754.6,無1,,1638,□(阜),12,755.1,無4;賓組5;出組1,合15376 合22077 合10405 合7860 合7860 合7860 合24356 合20080,1634,,2,754.3,無1;賓組1,合3879
X/2159,6296,6296,2,752.5-756.1,754.9,7,1638,□(阜),12,755.1,無4;賓組5;出組1,合15376 合22077 合10405 合7860 合7860 合7860 合24356 合20080,234,□(征),1,754.6,無1,,1634,,2,754.3,無1;賓組1,合3879
X/2161,6319,6319,1,756.6-757.7,757.6,1,3881,□(陷),1,757.7,無1,合19800
X/2164,6343,6344,6,760.2-763.6,760.4,10,1651,,4,760.3,出組3;無1,合24454 合24454 合24608 合24456,1649,,1,760.5,歷無名間1,合28351,1655,,4,761.3,賓組3;子組1,合7153 合10405 合22099 合10406
X/2165,6345,6345,1,760.2-763.6,760.5,10,1649,,1,760.5,歷無名間1,合28351,1651,,4,760.3,出組3;無1,合24454 合24454 合24608 合24456,1655,,4,761.3,賓組3;子組1,合7153 合10405 合22099 合10406
X/2166,6346,6346,4,760.2-763.6,760.7,10,1649,,1,760.5,歷無名間1,合28351,1651,,4,760.3,出組3;無1,合24454 合24454 合24608 合24456,1655,,4,761.3,賓組3;子組1,合7153 合10405 合22099 合10406
X/2167,6347,6351,20,760.2-763.6,761.0,10,1655,,4,761.3,賓組3;子組1,合7153 合10405 合22099 合10406,1649,,1,760.5,歷無名間1,合28351,1654,,1,761.5,午組1,合22083
X/2169,6352,6352,4,760.2-763.6,761.3,10,1655,,4,761.3,賓組3;子組1,合7153 合10405 合22099 合10406,1654,,1,761.5,午組1,合22083,1656,,1,761.6,黃組1,合36834
X/2170,6353,6354,5,760.2-763.6,761.5,10,1654,,1,761.5,午組1,合22083,1656,,1,761.6,黃組1,合36834,1657,(),13,761.7,賓組8;無3,合1185 合33981 合5473 合8963反 合17586 合10084 合376 合7067
X/2171,6355,6355,2,760.2-763.6,761.7,10,1657,(),13,761.7,賓組8;無3,合1185 合33981 合5473 合8963反 合17586 合10084 合376 合7067,1656,,1,761.6,黃組1,合36834,1654,,1,761.5,午組1,合22083
X/2172,6356,6356,1,760.2-763.6,761.8,10,1657,(),13,761.7,賓組8;無3,合1185 合33981 合5473 合8963反 合17586 合10084 合376 合7067,1656,,1,761.6,黃組1,合36834,1654,,1,761.5,午組1,合22083
X/2173,6357,6364,32,760.2-763.6,762.3,10,1658,,1,762.7,無名組1,合27651,1657,(),13,761.7,賓組8;無3,合1185 合33981 合5473 合8963反 合17586 合10084 合376 合7067,1656,,1,761.6,黃組1,合36834
X/2174,6365,6365,2,760.2-763.6,762.8,10,1658,,1,762.7,無名組1,合27651,1648,,1,763.3,,,1659,(),3,763.4,何組3,合22598 合22598 合22598
X/2175,6366,6366,1,760.2-763.6,762.9,10,1658,,1,762.7,無名組1,合27651,1648,,1,763.3,,,1659,(),3,763.4,何組3,合22598 合22598 合22598
X/2176,6367,6367,2,760.2-763.6,763.0,10,1648,,1,763.3,,,1658,,1,762.7,無名組1,合27651,1659,(),3,763.4,何組3,合22598 合22598 合22598
X/2177,6368,6368,3,760.2-763.6,763.1,10,1648,,1,763.3,,,1659,(),3,763.4,何組3,合22598 合22598 合22598,1807,,1,763.5,賓組1,合4782
X/2178,6369,6369,1,760.2-763.6,763.3,10,1648,,1,763.3,,,1659,(),3,763.4,何組3,合22598 合22598 合22598,1807,,1,763.5,賓組1,合4782
X/2180,6370,6370,2,760.2-763.6,763.4,10,1659,(),3,763.4,何組3,合22598 合22598 合22598,1648,,1,763.3,,,1807,,1,763.5,賓組1,合4782
X/2181,6371,6371,1,760.2-763.6,763.5,10,1807,,1,763.5,賓組1,合4782,1659,(),3,763.4,何組3,合22598 合22598 合22598,1648,,1,763.3,,
X/2182,6415,6419,20,769.2-771.6,771.0,3,1669,,13,771.1,無6;賓組5;歷組2,合10817 合10815 合10814 合10812 合6450 合10811 合63 合10812,1670,(),3,771.1,子組1;賓組2,合21793 合6386 合6384,1668,,22,770.1,無13;賓組9,合3552 合4058 合20716 合4070 合4086 合11446 合9740
X/2183,6422,6422,2,771.6-773.2,771.9,3,1672,,2,771.8,賓組2,合18394 合18395,1185,□(狩獸),1,772.1,無1,合6121,1673,□(獸),34,772.1,無17;賓組4;歷組5;無名黃間1;何組1;無名組5,合6121 合10607 合10619 合20753 合22371 合33375 合32529 合28781
X/2185,6455,6458,16,775.1-776.8,776.1,2,1682,,7,776.1,賓組1;無3,合17312 合6848 合7977,267,□,8,776.5,賓組1;無5;何組2,合23395 合23396 合27313 合27110 合27200 合35292
X/2186,6459,6460,8,775.1-776.8,776.5,2,267,□,8,776.5,賓組1;無5;何組2,合23395 合23396 合27313 合27110 合27200 合35292,1682,,7,776.1,賓組1;無3,合17312 合6848 合7977
X/2187,6461,6461,3,775.1-776.8,776.7,2,267,□,8,776.5,賓組1;無5;何組2,合23395 合23396 合27313 合27110 合27200 合35292,1682,,7,776.1,賓組1;無3,合17312 合6848 合7977
X/2189,6509,6510,6,781.7-783.4,782.9,0
X/2191,6511,6511,1,781.7-783.4,783.1,0
X/2192,6512,6512,2,781.7-783.4,783.3,0
X/2193,6526,6526,3,783.4-785.2,785.1,1,1691,□(□薛),12,784.5,無5;賓組7,合17380 合5297 合10131 合8362 合12892 合17347 合17464 合17412
X/2194,6576,6576,1,788.1-791.7,789.6,4,1698,□(育毓),31,789.8,無12;賓組5;何組4;出組5;歷組3;歷無名間1;黃組1,合32632 合27320 合27145 合27359 合27358 合27192 合14853,3549,□(育毓),1,789.8,黃組1,合38244,1023,□(□疑),21,788.7,黃組1;出組13;無6;歷組1,合39461 合23590 合24134 合24317 合26378 合26379 合26189 合23594
X/2195,6577,6577,1,788.1-791.7,789.7,4,1698,□(育毓),31,789.8,無12;賓組5;何組4;出組5;歷組3;歷無名間1;黃組1,合32632 合27320 合27145 合27359 合27358 合27192 合14853,3549,□(育毓),1,789.8,黃組1,合38244,1023,□(□疑),21,788.7,黃組1;出組13;無6;歷組1,合39461 合23590 合24134 合24317 合26378 合26379 合26189 合23594
X/2196,6578,6578,1,788.1-791.7,789.8,4,1698,□(育毓),31,789.8,無12;賓組5;何組4;出組5;歷組3;歷無名間1;黃組1,合32632 合27320 合27145 合27359 合27358 合27192 合14853,3549,□(育毓),1,789.8,黃組1,合38244,1023,□(□疑),21,788.7,黃組1;出組13;無6;歷組1,合39461 合23590 合24134 合24317 合26378 合26379 合26189 合23594
X/2197,6579,6579,1,788.1-791.7,789.9,4,1698,□(育毓),31,789.8,無12;賓組5;何組4;出組5;歷組3;歷無名間1;黃組1,合32632 合27320 合27145 合27359 合27358 合27192 合14853,3549,□(育毓),1,789.8,黃組1,合38244,1023,□(□疑),21,788.7,黃組1;出組13;無6;歷組1,合39461 合23590 合24134 合24317 合26378 合26379 合26189 合23594
X/2199,6580,6580,1,788.1-791.7,790.0,4,1698,□(育毓),31,789.8,無12;賓組5;何組4;出組5;歷組3;歷無名間1;黃組1,合32632 合27320 合27145 合27359 合27358 合27192 合14853,3549,□(育毓),1,789.8,黃組1,合38244,1023,□(□疑),21,788.7,黃組1;出組13;無6;歷組1,合39461 合23590 合24134 合24317 合26378 合26379 合26189 合23594
X/2205,6649,6649,2,796.1-800.1,799.9,2,1705,□(以□),19,798.5,無10;無名組1;何組1;歷組7,合26901 合26900 合32632 合26983 合26902 合27701 合32577 合32024,1745,□(以),33,798.5,無19;賓組13,合11442 合1034 合1034 合18171 合9121 合9062 合10918 合8235
X/2211,6691,6691,3,804.4-804.5,804.5,0
X/2212,6696,6696,2,804.5-808.3,805.2,6,1712,酓,8,805.1,子組2;無名組2;歷組3;無1,合22137 合22139 合28097 合32344 合32345 合32345 合30285,4502,,1,805.4,黃組1,合35346,1713,,58,805.7,賓組5;無27;出組2;何組5;午組1;歷組8;無名組1,合11497 合7954 合23052 合957 合24952 合25937 合13307
X/2213,6697,6706,40,804.5-808.3,806.2,6,1713,,58,805.7,賓組5;無27;出組2;何組5;午組1;歷組8;無名組1,合11497 合7954 合23052 合957 合24952 合25937 合13307,4502,,1,805.4,黃組1,合35346,1715,,1,807.1,子組1,合21979
X/2215,6707,6707,1,804.5-808.3,807.2,6,3521,,1,807.3,出組1,合23566,1715,,1,807.1,子組1,合21979,1716,,1,807.4,黃組1,合36525
X/2216,6708,6708,1,804.5-808.3,807.4,6,1716,,1,807.4,黃組1,合36525,3521,,1,807.3,出組1,合23566,1715,,1,807.1,子組1,合21979
X/2217,6709,6709,1,804.5-808.3,807.6,6,1716,,1,807.4,黃組1,合36525,3521,,1,807.3,出組1,合23566,1715,,1,807.1,子組1,合21979
X/2219,6710,6710,1,804.5-808.3,807.8,6,1716,,1,807.4,黃組1,合36525,3521,,1,807.3,出組1,合23566,1715,,1,807.1,子組1,合21979
X/2220,6711,6711,3,804.5-808.3,807.9,6,1716,,1,807.4,黃組1,合36525,3521,,1,807.3,出組1,合23566,1715,,1,807.1,子組1,合21979
X/2221,6712,6712,1,804.5-808.3,808.1,6,1716,,1,807.4,黃組1,合36525,3521,,1,807.3,出組1,合23566,1715,,1,807.1,子組1,合21979
X/2222,6730,6735,24,809.5-812.8,810.7,4,1130,(),1,811.4,無名組1,合29343,1725,,13,811.4,何組1;無名組5;黃組1;歷組1;無5,合28889 合27907 合37405 合28341 合28897 合33369 合28885 合28883,4535,,1,811.4,無1,合19097
X/2223,6736,6736,1,809.5-812.8,811.0,4,1130,(),1,811.4,無名組1,合29343,1725,,13,811.4,何組1;無名組5;黃組1;歷組1;無5,合28889 合27907 合37405 合28341 合28897 合33369 合28885 合28883,4535,,1,811.4,無1,合19097
X/2224,6737,6737,1,809.5-812.8,811.1,4,1130,(),1,811.4,無名組1,合29343,1725,,13,811.4,何組1;無名組5;黃組1;歷組1;無5,合28889 合27907 合37405 合28341 合28897 合33369 合28885 合28883,4535,,1,811.4,無1,合19097
X/2225,6738,6739,5,809.5-812.8,811.3,4,1130,(),1,811.4,無名組1,合29343,1725,,13,811.4,何組1;無名組5;黃組1;歷組1;無5,合28889 合27907 合37405 合28341 合28897 合33369 合28885 合28883,4535,,1,811.4,無1,合19097
X/2226,6740,6743,16,809.5-812.8,811.6,4,1130,(),1,811.4,無名組1,合29343,1725,,13,811.4,何組1;無名組5;黃組1;歷組1;無5,合28889 合27907 合37405 合28341 合28897 合33369 合28885 合28883,4535,,1,811.4,無1,合19097
X/2227,6744,6746,10,809.5-812.8,812.0,4,3965,,16,812.3,賓組6;無7;歷組2;無名組1,合7350 合12847 合6301 合6556 合34177 合34177 合34179 合14381,1130,(),1,811.4,無名組1,合29343,1725,,13,811.4,何組1;無名組5;黃組1;歷組1;無5,合28889 合27907 合37405 合28341 合28897 合33369 合28885 合28883
X/2228,6747,6751,19,809.5-812.8,812.5,4,3965,,16,812.3,賓組6;無7;歷組2;無名組1,合7350 合12847 合6301 合6556 合34177 合34177 合34179 合14381,1130,(),1,811.4,無名組1,合29343,1725,,13,811.4,何組1;無名組5;黃組1;歷組1;無5,合28889 合27907 合37405 合28341 合28897 合33369 合28885 合28883
